,Unnamed: 0.1,index,Unnamed: 0,switch,in_port,eth_dst,packet_count,byte_count,userID,instanceID,runID,timestamp,stageID,appName,runtime,packet_count_shifted,packet_count_Average,byte_count_shifted,byte_count_Average,byte_count_Average_norm,packet_count_Average_norm,byte_scores,packet_scores,byte_anomaly,packet_anomaly
0,0,5456,4,2,2,00:00:00:00:00:07,0,0,aaltosea1,rohe_test_isntance,experiment1,1700834568,rohe_test_stage,sdn,10,0,0.0,0,0.0,0.0,0.0,-0.21367185888542528,-0.22759006775922985,-1,-1
1,1,5457,4,2,2,00:00:00:00:00:07,0,0,aaltosea1,rohe_test_isntance,experiment1,1700834569,rohe_test_stage,sdn,11,0,0.0,0,0.0,0.0,0.0,-0.17125605104037078,-0.18641303786476915,-1,-1
2,2,5458,4,2,2,00:00:00:00:00:07,0,0,aaltosea1,rohe_test_isntance,experiment1,1700834570,rohe_test_stage,sdn,12,0,0.0,0,0.0,0.0,0.0,-0.16570143477639088,-0.17976237122773042,-1,-1
3,3,5459,4,2,2,00:00:00:00:00:07,0,0,aaltosea1,rohe_test_isntance,experiment1,1700834571,rohe_test_stage,sdn,13,0,0.0,0,0.0,0.0,0.0,-0.20081661910520576,-0.21361827774205377,-1,-1
4,4,5460,4,2,2,00:00:00:00:00:07,0,0,aaltosea1,rohe_test_isntance,experiment1,1700834572,rohe_test_stage,sdn,14,0,0.0,0,0.0,0.0,0.0,-0.20081661910520576,-0.21361827774205377,-1,-1
5,5,5461,4,2,2,00:00:00:00:00:07,0,0,aaltosea1,rohe_test_isntance,experiment1,1700834573,rohe_test_stage,sdn,15,0,0.0,0,0.0,0.0,0.0,-0.20081661910520576,-0.21361827774205377,-1,-1
6,6,5462,4,2,2,00:00:00:00:00:07,0,0,aaltosea1,rohe_test_isntance,experiment1,1700834574,rohe_test_stage,sdn,16,0,0.0,0,0.0,0.0,0.0,-0.1979242392265924,-0.20947097678747717,-1,-1
7,7,5463,4,2,2,00:00:00:00:00:07,0,0,aaltosea1,rohe_test_isntance,experiment1,1700834575,rohe_test_stage,sdn,17,0,0.0,0,0.0,0.0,0.0,-0.1979242392265924,-0.20947097678747717,-1,-1
8,8,5464,4,2,2,00:00:00:00:00:07,0,0,aaltosea1,rohe_test_isntance,experiment1,1700834576,rohe_test_stage,sdn,18,0,0.0,0,0.0,0.0,0.0,-0.1979242392265924,-0.20947097678747717,-1,-1
9,9,5465,4,2,2,00:00:00:00:00:07,0,0,aaltosea1,rohe_test_isntance,experiment1,1700834577,rohe_test_stage,sdn,19,0,0.0,0,0.0,0.0,0.0,-0.1979242392265924,-0.20947097678747717,-1,-1
10,10,5466,4,2,2,00:00:00:00:00:07,0,0,aaltosea1,rohe_test_isntance,experiment1,1700834578,rohe_test_stage,sdn,20,0,0.0,0,0.0,0.0,0.0,-0.1979242392265924,-0.20947097678747717,-1,-1
11,11,5467,4,2,2,00:00:00:00:00:07,0,0,aaltosea1,rohe_test_isntance,experiment1,1700834579,rohe_test_stage,sdn,21,0,0.0,0,0.0,0.0,0.0,-0.1979242392265924,-0.20947097678747717,-1,-1
12,12,5468,4,2,2,00:00:00:00:00:07,0,0,aaltosea1,rohe_test_isntance,experiment1,1700834580,rohe_test_stage,sdn,22,0,0.0,0,0.0,0.0,0.0,-0.1979242392265924,-0.20947097678747717,-1,-1
13,13,5469,4,2,2,00:00:00:00:00:07,0,0,aaltosea1,rohe_test_isntance,experiment1,1700834581,rohe_test_stage,sdn,23,0,0.0,0,0.0,0.0,0.0,-0.1979242392265924,-0.20947097678747717,-1,-1
14,14,5470,4,2,2,00:00:00:00:00:07,0,0,aaltosea1,rohe_test_isntance,experiment1,1700834582,rohe_test_stage,sdn,24,0,0.0,0,0.0,0.0,0.0,-0.1979242392265924,-0.20947097678747717,-1,-1
15,15,5471,4,2,2,00:00:00:00:00:07,0,0,aaltosea1,rohe_test_isntance,experiment1,1700834583,rohe_test_stage,sdn,25,0,0.0,0,0.0,0.0,0.0,-0.1979242392265924,-0.20947097678747717,-1,-1
16,16,5472,4,2,2,00:00:00:00:00:07,0,0,aaltosea1,rohe_test_isntance,experiment1,1700834584,rohe_test_stage,sdn,26,0,0.0,0,0.0,0.0,0.0,-0.1979242392265924,-0.20947097678747717,-1,-1
17,17,5473,4,2,2,00:00:00:00:00:07,0,0,aaltosea1,rohe_test_isntance,experiment1,1700834585,rohe_test_stage,sdn,27,0,0.0,0,0.0,0.0,0.0,-0.1979242392265924,-0.20947097678747717,-1,-1
18,18,5474,4,2,2,00:00:00:00:00:07,0,0,aaltosea1,rohe_test_isntance,experiment1,1700834586,rohe_test_stage,sdn,28,0,0.0,0,0.0,0.0,0.0,-0.1979242392265924,-0.20947097678747717,-1,-1
19,19,5475,4,2,2,00:00:00:00:00:07,0,0,aaltosea1,rohe_test_isntance,experiment1,1700834587,rohe_test_stage,sdn,29,0,0.0,0,0.0,0.0,0.0,-0.19225672189032406,-0.20420511950881248,-1,-1
20,20,5476,4,2,2,00:00:00:00:00:07,0,0,aaltosea1,rohe_test_isntance,experiment1,1700834588,rohe_test_stage,sdn,30,0,0.0,0,0.0,0.0,0.0,-0.19111122071137399,-0.20306605402434452,-1,-1
21,21,5477,4,2,2,00:00:00:00:00:07,0,0,aaltosea1,rohe_test_isntance,experiment1,1700834589,rohe_test_stage,sdn,31,0,0.0,0,0.0,0.0,0.0,-0.19111122071137399,-0.20306605402434452,-1,-1
22,22,5478,4,2,2,00:00:00:00:00:07,0,0,aaltosea1,rohe_test_isntance,experiment1,1700834590,rohe_test_stage,sdn,32,0,0.0,0,0.0,0.0,0.0,-0.19111122071137399,-0.20306605402434452,-1,-1
23,23,5479,4,2,2,00:00:00:00:00:07,0,0,aaltosea1,rohe_test_isntance,experiment1,1700834591,rohe_test_stage,sdn,33,0,0.0,0,0.0,0.0,0.0,-0.19111122071137399,-0.20306605402434452,-1,-1
24,24,5480,4,2,2,00:00:00:00:00:07,0,0,aaltosea1,rohe_test_isntance,experiment1,1700834592,rohe_test_stage,sdn,34,0,0.0,0,0.0,0.0,0.0,-0.19168375796847792,-0.20363537463275883,-1,-1
25,25,5481,4,2,2,00:00:00:00:00:07,0,0,aaltosea1,rohe_test_isntance,experiment1,1700834593,rohe_test_stage,sdn,35,0,0.0,0,0.0,0.0,0.0,-0.19111122071137399,-0.20306605402434452,-1,-1
26,26,5482,4,2,2,00:00:00:00:00:07,0,0,aaltosea1,rohe_test_isntance,experiment1,1700834594,rohe_test_stage,sdn,36,0,0.0,0,0.0,0.0,0.0,-0.19111122071137399,-0.20306605402434452,-1,-1
27,27,5483,4,2,2,00:00:00:00:00:07,0,0,aaltosea1,rohe_test_isntance,experiment1,1700834595,rohe_test_stage,sdn,37,0,0.0,0,0.0,0.0,0.0,-0.19111122071137399,-0.20306605402434452,-1,-1
28,28,5484,4,2,2,00:00:00:00:00:07,0,0,aaltosea1,rohe_test_isntance,experiment1,1700834596,rohe_test_stage,sdn,38,0,0.0,0,0.0,0.0,0.0,-0.19111122071137399,-0.20306605402434452,-1,-1
29,29,5485,4,2,2,00:00:00:00:00:07,0,0,aaltosea1,rohe_test_isntance,experiment1,1700834597,rohe_test_stage,sdn,39,0,0.0,0,0.0,0.0,0.0,-0.19111122071137399,-0.20306605402434452,-1,-1
30,30,5486,4,2,2,00:00:00:00:00:07,0,0,aaltosea1,rohe_test_isntance,experiment1,1700834598,rohe_test_stage,sdn,40,0,0.0,0,0.0,0.0,0.0,-0.19111122071137399,-0.20306605402434452,-1,-1
31,31,5487,4,2,2,00:00:00:00:00:07,0,0,aaltosea1,rohe_test_isntance,experiment1,1700834599,rohe_test_stage,sdn,41,0,0.0,0,0.0,0.0,0.0,-0.18939616575248508,-0.20136063464675258,-1,-1
32,32,5488,4,2,2,00:00:00:00:00:07,0,0,aaltosea1,rohe_test_isntance,experiment1,1700834600,rohe_test_stage,sdn,42,0,0.0,0,0.0,0.0,0.0,-0.18939616575248508,-0.20136063464675258,-1,-1
33,33,5489,4,2,2,00:00:00:00:00:07,1,42,aaltosea1,rohe_test_isntance,experiment1,1700834601,rohe_test_stage,sdn,43,1,0.1,42,4.2,2.1614878447187133e-05,0.0004510599909788,-0.1871153798656301,-0.19909266275032977,-1,-1
34,34,5490,4,2,2,00:00:00:00:00:07,1,42,aaltosea1,rohe_test_isntance,experiment1,1700834602,rohe_test_stage,sdn,44,1,0.2,42,8.4,4.3229756894374266e-05,0.0009021199819576,-0.1871153798656301,-0.19909266275032977,-1,-1
35,35,5491,4,2,2,00:00:00:00:00:07,1,42,aaltosea1,rohe_test_isntance,experiment1,1700834603,rohe_test_stage,sdn,45,1,0.3,42,12.6,6.484463534156139e-05,0.0013531799729364,-0.18540924491945376,-0.19739611327072537,-1,-1
36,36,5492,4,2,2,00:00:00:00:00:07,1,42,aaltosea1,rohe_test_isntance,experiment1,1700834604,rohe_test_stage,sdn,46,1,0.4,42,16.8,8.645951378874853e-05,0.0018042399639152,-0.18540924491945376,-0.19739611327072537,-1,-1
37,37,5493,4,2,2,00:00:00:00:00:07,1,42,aaltosea1,rohe_test_isntance,experiment1,1700834605,rohe_test_stage,sdn,47,1,0.5,42,21.0,0.0001080743922359,0.002255299954894,-0.18540924491945376,-0.19739611327072537,-1,-1
38,38,5494,4,2,2,00:00:00:00:00:07,1,42,aaltosea1,rohe_test_isntance,experiment1,1700834606,rohe_test_stage,sdn,48,1,0.6,42,25.2,0.0001296892706831,0.0027063599458728,-0.18540924491945376,-0.19739611327072537,-1,-1
39,39,5495,4,2,2,00:00:00:00:00:07,1,42,aaltosea1,rohe_test_isntance,experiment1,1700834607,rohe_test_stage,sdn,49,1,0.7,42,29.4,0.0001513041491303,0.0031574199368516,-0.18427393806196113,-0.19739611327072537,-1,-1
40,40,5496,4,2,2,00:00:00:00:00:07,1,42,aaltosea1,rohe_test_isntance,experiment1,1700834608,rohe_test_stage,sdn,50,1,0.8,42,33.6,0.0001729190275774,0.0036084799278304,-0.18427393806196113,-0.1957033510397902,-1,-1
41,41,5497,4,2,2,00:00:00:00:00:07,1,42,aaltosea1,rohe_test_isntance,experiment1,1700834609,rohe_test_stage,sdn,51,1,0.9,42,37.8,0.0001945339060246,0.0040595399188092,-0.18427393806196113,-0.19176825323496183,-1,-1
42,42,5498,4,2,2,00:00:00:00:00:07,1,42,aaltosea1,rohe_test_isntance,experiment1,1700834610,rohe_test_stage,sdn,52,1,1.0,42,42.0,0.0002161487844718,0.004510599909788,-0.18257414613543677,-0.1895288217858485,-1,-1
43,43,5499,4,2,2,00:00:00:00:00:07,1,42,aaltosea1,rohe_test_isntance,experiment1,1700834611,rohe_test_stage,sdn,53,0,0.9,0,37.8,0.0001945339060246,0.0040595399188092,-0.18257414613543677,-0.19008805421287356,-1,-1
44,44,5500,4,2,2,00:00:00:00:00:07,1,42,aaltosea1,rohe_test_isntance,experiment1,1700834612,rohe_test_stage,sdn,54,0,0.8,0,33.6,0.0001729190275774,0.0036084799278304,-0.18257414613543677,-0.19401436760315693,-1,-1
45,45,5501,4,2,2,00:00:00:00:00:07,1,42,aaltosea1,rohe_test_isntance,experiment1,1700834613,rohe_test_stage,sdn,55,0,0.7,0,29.4,0.0001513041491303,0.0031574199368516,-0.18257414613543677,-0.19401436760315693,-1,-1
46,46,5502,4,2,2,00:00:00:00:00:07,1,42,aaltosea1,rohe_test_isntance,experiment1,1700834614,rohe_test_stage,sdn,56,0,0.6,0,25.2,0.0001296892706831,0.0027063599458728,-0.18257414613543677,-0.19401436760315693,-1,-1
47,47,5503,4,2,2,00:00:00:00:00:07,1,42,aaltosea1,rohe_test_isntance,experiment1,1700834615,rohe_test_stage,sdn,57,0,0.5,0,21.0,0.0001080743922359,0.002255299954894,-0.18257414613543677,-0.19401436760315693,-1,-1
48,48,5504,4,2,2,00:00:00:00:00:07,1,42,aaltosea1,rohe_test_isntance,experiment1,1700834616,rohe_test_stage,sdn,58,0,0.4,0,16.8,8.645951378874853e-05,0.0018042399639152,-0.18257414613543677,-0.19401436760315693,-1,-1
49,49,5505,4,2,2,00:00:00:00:00:07,1,42,aaltosea1,rohe_test_isntance,experiment1,1700834617,rohe_test_stage,sdn,59,0,0.3,0,12.6,6.484463534156139e-05,0.0013531799729364,-0.18257414613543677,-0.19401436760315693,-1,-1
50,50,5506,4,2,2,00:00:00:00:00:07,1,42,aaltosea1,rohe_test_isntance,experiment1,1700834618,rohe_test_stage,sdn,60,0,0.2,0,8.4,4.3229756894374266e-05,0.0009021199819576,-0.18257414613543677,-0.19401436760315693,-1,-1
51,51,5507,4,2,2,00:00:00:00:00:07,1,42,aaltosea1,rohe_test_isntance,experiment1,1700834619,rohe_test_stage,sdn,61,0,0.1,0,4.2,2.1614878447187133e-05,0.0004510599909788,-0.1820083924645851,-0.19401436760315693,-1,-1
52,52,5508,4,2,2,00:00:00:00:00:07,1,42,aaltosea1,rohe_test_isntance,experiment1,1700834620,rohe_test_stage,sdn,62,0,0.0,0,0.0,0.0,0.0,-0.1820083924645851,-0.19457694273709858,-1,-1
53,53,5509,4,2,2,00:00:00:00:00:07,1,42,aaltosea1,rohe_test_isntance,experiment1,1700834621,rohe_test_stage,sdn,63,0,0.0,0,0.0,0.0,0.0,-0.18031365797060372,-0.1928904738091176,-1,-1
54,54,5510,4,2,2,00:00:00:00:00:07,114,76714,aaltosea1,rohe_test_isntance,experiment1,1700834622,rohe_test_stage,sdn,64,113,11.3,76672,7667.2,0.0394584752453031,0.0509697789806044,-0.13832802373218678,-0.1204885439940585,-1,-1
55,55,5511,4,2,2,00:00:00:00:00:07,218,185296,aaltosea1,rohe_test_isntance,experiment1,1700834623,rohe_test_stage,sdn,65,217,33.0,185254,26192.6,0.1347975869561413,0.148849797023004,-0.056249237031660626,-0.07336630318033399,-1,-1
56,56,5512,4,2,2,00:00:00:00:00:07,228,195806,aaltosea1,rohe_test_isntance,experiment1,1700834624,rohe_test_stage,sdn,66,227,55.7,195764,45769.0,0.2355455646784066,0.2512404149751917,-0.05396406688258126,-0.07147915595260446,-1,-1
57,57,5513,4,2,2,00:00:00:00:00:07,230,197908,aaltosea1,rohe_test_isntance,experiment1,1700834625,rohe_test_stage,sdn,67,229,78.6,197866,65555.6,0.3373753156029573,0.3545331529093369,-0.05396406688258126,-0.07147915595260446,-1,-1
58,58,5514,4,2,2,00:00:00:00:00:07,232,200010,aaltosea1,rohe_test_isntance,experiment1,1700834626,rohe_test_stage,sdn,68,231,101.7,199968,85552.4,0.4402868397297934,0.4587280108254398,-0.052086235435908734,-0.06959762360023347,-1,-1
59,59,5515,4,2,2,00:00:00:00:00:07,234,202112,aaltosea1,rohe_test_isntance,experiment1,1700834627,rohe_test_stage,sdn,69,233,125.0,202070,105759.4,0.5442801370589149,0.5638249887235003,-0.050213991147123216,-0.06772168941714474,-1,-1
60,60,5516,4,2,2,00:00:00:00:00:07,237,204804,aaltosea1,rohe_test_isntance,experiment1,1700834628,rohe_test_stage,sdn,70,236,148.6,204762,126235.6,0.6496588451685086,0.670275146594497,-0.050213991147123216,-0.06772168941714474,-1,-1
61,61,5517,4,2,2,00:00:00:00:00:07,238,206316,aaltosea1,rohe_test_isntance,experiment1,1700834629,rohe_test_stage,sdn,71,237,172.3,206274,146863.0,0.7558156889022009,0.7771763644564728,-0.050213991147123216,-0.06772168941714474,-1,-1
62,62,5518,4,2,2,00:00:00:00:00:07,239,207828,aaltosea1,rohe_test_isntance,experiment1,1700834630,rohe_test_stage,sdn,72,238,196.1,207786,167641.6,0.862750668259992,0.8845286423094272,-0.050213991147123216,-0.06772168941714474,-1,-1
63,63,5519,4,2,2,00:00:00:00:00:07,241,209008,aaltosea1,rohe_test_isntance,experiment1,1700834631,rohe_test_stage,sdn,73,240,220.1,208966,188538.2,0.9702929227741564,0.9927830401443392,-0.050213991147123216,-0.06772168941714474,-1,-1
64,64,5520,4,2,2,00:00:00:00:00:07,243,211110,aaltosea1,rohe_test_isntance,experiment1,1700834632,rohe_test_stage,sdn,74,129,221.7,134396,194310.6,1.0,1.0,-0.050213991147123216,-0.06772168941714474,-1,-1
65,65,5521,4,2,2,00:00:00:00:00:07,245,213212,aaltosea1,rohe_test_isntance,experiment1,1700834633,rohe_test_stage,sdn,75,27,202.7,27916,178576.8,0.9190275774970588,0.914298601714028,-0.050213991147123216,-0.06772168941714474,-1,-1
66,66,5522,4,2,2,00:00:00:00:00:07,247,215314,aaltosea1,rohe_test_isntance,experiment1,1700834634,rohe_test_stage,sdn,76,19,181.9,19508,160951.2,0.828319196173549,0.8204781235904376,-0.050213991147123216,-0.06772168941714474,-1,-1
67,67,5523,4,2,2,00:00:00:00:00:07,248,216826,aaltosea1,rohe_test_isntance,experiment1,1700834635,rohe_test_stage,sdn,77,18,160.8,18918,143056.4,0.7362254040695669,0.7253044654939108,-0.050213991147123216,-0.06772168941714474,-1,-1
68,68,5524,4,2,2,00:00:00:00:00:07,252,220108,aaltosea1,rohe_test_isntance,experiment1,1700834636,rohe_test_stage,sdn,78,20,139.7,20098,125069.4,0.6436571139196728,0.6301308073973838,-0.050213991147123216,-0.06772168941714474,-1,-1
69,69,5525,4,2,2,00:00:00:00:00:07,254,222210,aaltosea1,rohe_test_isntance,experiment1,1700834637,rohe_test_stage,sdn,79,20,118.4,20098,106872.2,0.5500070505674934,0.5340550293188995,-0.050213991147123216,-0.06772168941714474,-1,-1
70,70,5526,4,2,2,00:00:00:00:00:07,256,224312,aaltosea1,rohe_test_isntance,experiment1,1700834638,rohe_test_stage,sdn,80,19,96.7,19508,88346.8,0.4546679388566553,0.4361750112764998,-0.050213991147123216,-0.06772168941714474,-1,-1
71,71,5527,4,2,2,00:00:00:00:00:07,256,224312,aaltosea1,rohe_test_isntance,experiment1,1700834639,rohe_test_stage,sdn,81,18,74.8,17996,69519.0,0.3577725558976196,0.3373928732521425,-0.050213991147123216,-0.06772168941714474,-1,-1
72,72,5528,4,2,2,00:00:00:00:00:07,260,228516,aaltosea1,rohe_test_isntance,experiment1,1700834640,rohe_test_stage,sdn,82,21,53.1,20688,50809.2,0.2614844480949572,0.2395128552097429,-0.050213991147123216,-0.06772168941714474,-1,-1
73,73,5529,4,2,2,00:00:00:00:00:07,262,230618,aaltosea1,rohe_test_isntance,experiment1,1700834641,rohe_test_stage,sdn,83,21,31.2,21610,32073.6,0.1650635631818336,0.1407307171853856,-0.050213991147123216,-0.06772168941714474,-1,-1
74,74,5530,4,2,2,00:00:00:00:00:07,264,231798,aaltosea1,rohe_test_isntance,experiment1,1700834642,rohe_test_stage,sdn,84,21,20.4,20688,20702.8,0.1065448822658156,0.0920162381596752,-0.005187984987746974,-0.01328027305477586,-1,-1
75,75,5531,4,2,2,00:00:00:00:00:07,267,235412,aaltosea1,rohe_test_isntance,experiment1,1700834643,rohe_test_stage,sdn,85,22,19.9,22200,20131.2,0.1036032002371461,0.0897609382047812,0.010484074472184801,-0.0067054038022287266,1,-1
76,76,5532,4,2,2,00:00:00:00:00:07,270,237556,aaltosea1,rohe_test_isntance,experiment1,1700834644,rohe_test_stage,sdn,86,23,20.3,22242,20404.6,0.1050102258960653,0.0915651781686964,0.0074046122350495125,-0.014613523973771358,1,-1
77,77,5533,4,2,2,00:00:00:00:00:07,271,239068,aaltosea1,rohe_test_isntance,experiment1,1700834645,rohe_test_stage,sdn,87,23,20.8,22242,20737.0,0.1067208891331713,0.0938204781235904,-0.0012864451511389596,-0.006508261921339464,-1,-1
78,78,5534,4,2,2,00:00:00:00:00:07,275,242350,aaltosea1,rohe_test_isntance,experiment1,1700834646,rohe_test_stage,sdn,88,23,21.1,22242,20951.4,0.1078242772139039,0.0951736580965268,-0.006959448118279976,-0.009952978695749626,-1,-1
79,79,5535,4,2,2,00:00:00:00:00:07,277,244452,aaltosea1,rohe_test_isntance,experiment1,1700834647,rohe_test_stage,sdn,89,23,21.4,22242,21165.8,0.1089276652946365,0.0965268380694632,-0.010824987643700212,-0.014583583762293184,-1,-1
80,80,5536,4,2,2,00:00:00:00:00:07,280,247144,aaltosea1,rohe_test_isntance,experiment1,1700834648,rohe_test_stage,sdn,90,24,21.9,22832,21498.2,0.1106383285317424,0.0987821380243572,-0.01585550968935323,-0.04003590129822965,-1,-1
81,81,5537,4,2,2,00:00:00:00:00:07,282,249246,aaltosea1,rohe_test_isntance,experiment1,1700834649,rohe_test_stage,sdn,91,26,22.7,24934,22192.0,0.1142089005952325,0.1023906179521876,-0.015576717620105485,-0.03730496300111985,-1,-1
82,82,5538,4,2,2,00:00:00:00:00:07,282,249246,aaltosea1,rohe_test_isntance,experiment1,1700834650,rohe_test_stage,sdn,92,22,22.8,20730,22196.2,0.1142305154736797,0.1028416779431664,-0.015576717620105485,-0.046442610666156736,-1,-1
83,83,5539,4,2,2,00:00:00:00:00:07,287,253492,aaltosea1,rohe_test_isntance,experiment1,1700834651,rohe_test_stage,sdn,93,25,23.2,22874,22322.6,0.1148810203869474,0.1046459179070816,-0.010853893270730053,-0.0607636392308718,-1,-1
84,84,5540,4,2,2,00:00:00:00:00:07,288,255004,aaltosea1,rohe_test_isntance,experiment1,1700834652,rohe_test_stage,sdn,94,24,23.5,23206,22574.4,0.1161768838138526,0.105999097880018,-0.02163437568981985,-0.0607636392308718,-1,-1
85,85,5541,4,2,2,00:00:00:00:00:07,291,256774,aaltosea1,rohe_test_isntance,experiment1,1700834653,rohe_test_stage,sdn,95,24,23.7,21362,22490.6,0.1157456155248349,0.1069012178619756,-0.02163437568981985,-0.0607636392308718,-1,-1
86,86,5542,4,2,2,00:00:00:00:00:07,294,259466,aaltosea1,rohe_test_isntance,experiment1,1700834654,rohe_test_stage,sdn,96,24,23.8,21910,22457.4,0.1155747550571096,0.1073522778529544,-0.019852735565031532,-0.0607636392308718,-1,-1
87,87,5543,4,2,2,00:00:00:00:00:07,296,261568,aaltosea1,rohe_test_isntance,experiment1,1700834655,rohe_test_stage,sdn,97,25,24.0,22500,22483.2,0.1157075321675708,0.108254397834912,-0.020297648014334202,-0.0607636392308718,-1,-1
88,88,5544,4,2,2,00:00:00:00:00:07,298,263670,aaltosea1,rohe_test_isntance,experiment1,1700834656,rohe_test_stage,sdn,98,23,24.0,21320,22391.0,0.1152330341216588,0.108254397834912,-0.010069177825420383,-0.0607636392308718,-1,-1
89,89,5545,4,2,2,00:00:00:00:00:07,300,265772,aaltosea1,rohe_test_isntance,experiment1,1700834657,rohe_test_stage,sdn,99,23,24.0,21320,22298.8,0.1147585360757467,0.108254397834912,-0.01032524109066657,-0.0607636392308718,-1,-1
90,90,5546,4,2,2,00:00:00:00:00:07,303,268464,aaltosea1,rohe_test_isntance,experiment1,1700834658,rohe_test_stage,sdn,100,23,23.9,21320,22147.6,0.113980400451648,0.1078033378439332,-0.019005076070142235,-0.0607636392308718,-1,-1
91,91,5547,4,2,2,00:00:00:00:00:07,305,270566,aaltosea1,rohe_test_isntance,experiment1,1700834659,rohe_test_stage,sdn,101,23,23.6,21320,21786.2,0.1121204916252638,0.1064501578709968,-0.0051083352643861435,-0.0607636392308718,-1,-1
92,92,5548,4,2,2,00:00:00:00:00:07,308,273258,aaltosea1,rohe_test_isntance,experiment1,1700834660,rohe_test_stage,sdn,102,26,24.0,24012,22114.4,0.1138095399839226,0.108254397834912,-0.014580424050830598,-0.0607636392308718,-1,-1
93,93,5549,4,2,2,00:00:00:00:00:07,310,275360,aaltosea1,rohe_test_isntance,experiment1,1700834661,rohe_test_stage,sdn,103,23,23.8,21868,22013.8,0.1132918121811162,0.1073522778529544,-0.009391257961644528,-0.0607636392308718,-1,-1
94,94,5550,4,2,2,00:00:00:00:00:07,311,276872,aaltosea1,rohe_test_isntance,experiment1,1700834662,rohe_test_stage,sdn,104,23,23.7,21868,21880.0,0.1126032239105843,0.1069012178619756,-0.00597650796307958,-0.0607636392308718,-1,-1
95,95,5551,4,2,2,00:00:00:00:00:07,315,280154,aaltosea1,rohe_test_isntance,experiment1,1700834663,rohe_test_stage,sdn,105,24,23.7,23380,22081.8,0.1136417673559754,0.1069012178619756,-0.012029233987795096,-0.0607636392308718,-1,-1
96,96,5552,4,2,2,00:00:00:00:00:07,316,281666,aaltosea1,rohe_test_isntance,experiment1,1700834664,rohe_test_stage,sdn,106,22,23.5,22200,22110.8,0.1137910129452536,0.105999097880018,-0.015021407481707771,-0.0607636392308718,-1,-1
97,97,5553,4,2,2,00:00:00:00:00:07,320,284948,aaltosea1,rohe_test_isntance,experiment1,1700834665,rohe_test_stage,sdn,107,24,23.4,23380,22198.8,0.1142438961127185,0.1055480378890392,-0.01469425241284028,-0.0607636392308718,-1,-1
98,98,5554,4,2,2,00:00:00:00:00:07,322,287050,aaltosea1,rohe_test_isntance,experiment1,1700834666,rohe_test_stage,sdn,108,24,23.5,23380,22404.8,0.1153040544365567,0.105999097880018,-0.010069177825420383,-0.0607636392308718,-1,-1
99,99,5555,4,2,2,00:00:00:00:00:07,324,289152,aaltosea1,rohe_test_isntance,experiment1,1700834667,rohe_test_stage,sdn,109,24,23.6,23380,22610.8,0.1163642127603949,0.1064501578709968,-0.024831780881528154,-0.0607636392308718,-1,-1
100,100,5556,4,2,2,00:00:00:00:00:07,325,290664,aaltosea1,rohe_test_isntance,experiment1,1700834668,rohe_test_stage,sdn,110,22,23.5,22200,22698.8,0.1168170959278598,0.105999097880018,-0.027078241193303265,-0.0607636392308718,-1,-1
101,101,5557,4,2,2,00:00:00:00:00:07,329,293946,aaltosea1,rohe_test_isntance,experiment1,1700834669,rohe_test_stage,sdn,111,24,23.6,23380,22904.8,0.117877254251698,0.1064501578709968,-0.043242552498788056,-0.0607636392308718,-1,-1
102,102,5558,4,2,2,00:00:00:00:00:07,331,296048,aaltosea1,rohe_test_isntance,experiment1,1700834670,rohe_test_stage,sdn,112,23,23.3,22790,22782.6,0.1172483642168775,0.1050969778980604,-0.04176195903800617,-0.0607636392308718,-1,-1
103,103,5559,4,2,2,00:00:00:00:00:07,333,298150,aaltosea1,rohe_test_isntance,experiment1,1700834671,rohe_test_stage,sdn,113,23,23.3,22790,22874.8,0.1177228622627895,0.1050969778980604,-0.043242552498788056,-0.0607636392308718,-1,-1
104,104,5560,4,2,2,00:00:00:00:00:07,336,300842,aaltosea1,rohe_test_isntance,experiment1,1700834672,rohe_test_stage,sdn,114,25,23.5,23970,23085.0,0.1188046354650749,0.105999097880018,-0.043242552498788056,-0.0607636392308718,-1,-1
105,105,5561,4,2,2,00:00:00:00:00:07,338,302944,aaltosea1,rohe_test_isntance,experiment1,1700834673,rohe_test_stage,sdn,115,23,23.4,22790,23026.0,0.1185009978868883,0.1055480378890392,-0.043242552498788056,-0.0607636392308718,-1,-1
106,106,5562,4,2,2,00:00:00:00:00:07,340,305046,aaltosea1,rohe_test_isntance,experiment1,1700834674,rohe_test_stage,sdn,116,24,23.6,23380,23144.0,0.1191082730432616,0.1064501578709968,-0.043242552498788056,-0.0607636392308718,-1,-1
107,107,5563,4,2,2,00:00:00:00:00:07,341,306558,aaltosea1,rohe_test_isntance,experiment1,1700834675,rohe_test_stage,sdn,117,21,23.3,21610,22967.0,0.1181973603087016,0.1050969778980604,-0.043242552498788056,-0.0607636392308718,-1,-1
108,108,5564,4,2,2,00:00:00:00:00:07,342,308070,aaltosea1,rohe_test_isntance,experiment1,1700834676,rohe_test_stage,sdn,118,20,22.9,21020,22731.0,0.1169828099959549,0.1032927379341452,-0.028975082896728455,-0.045605436969337165,-1,-1
109,109,5565,4,2,2,00:00:00:00:00:07,345,309840,aaltosea1,rohe_test_isntance,experiment1,1700834677,rohe_test_stage,sdn,119,21,22.6,20688,22461.8,0.1155973992154828,0.1019395579612088,-0.019852735565031532,-0.02876802989161331,-1,-1
110,110,5566,4,2,2,00:00:00:00:00:07,347,311942,aaltosea1,rohe_test_isntance,experiment1,1700834678,rohe_test_stage,sdn,120,22,22.6,21278,22369.6,0.1151229011695707,0.1019395579612088,-0.010506799396988953,-0.02876802989161331,-1,-1
111,111,5567,4,2,2,00:00:00:00:00:07,349,314044,aaltosea1,rohe_test_isntance,experiment1,1700834679,rohe_test_stage,sdn,121,20,22.2,20098,22041.4,0.113433852810912,0.1001353179972936,-0.01334746258559183,-0.02652849398552215,-1,-1
112,112,5568,4,2,2,00:00:00:00:00:07,351,316146,aaltosea1,rohe_test_isntance,experiment1,1700834680,rohe_test_stage,sdn,122,20,21.9,20098,21772.2,0.1120484420304399,0.0987821380243572,-0.0051083352643861435,-0.035575924838233686,-1,-1
113,113,5569,4,2,2,00:00:00:00:00:07,354,318838,aaltosea1,rohe_test_isntance,experiment1,1700834681,rohe_test_stage,sdn,123,21,21.7,20688,21562.0,0.1109666688281545,0.0978800180423996,-0.007934304544717441,-0.019957872318374648,-1,-1
114,114,5570,4,2,2,00:00:00:00:00:07,357,320982,aaltosea1,rohe_test_isntance,experiment1,1700834682,rohe_test_stage,sdn,124,21,21.3,20140,21179.0,0.1089955977697562,0.0960757780784844,-0.002433270239061369,-0.003887657977140413,-1,-1
115,115,5571,4,2,2,00:00:00:00:00:07,359,323084,aaltosea1,rohe_test_isntance,experiment1,1700834683,rohe_test_stage,sdn,125,21,21.1,20140,20914.0,0.1076318018677313,0.0951736580965268,-0.001956251450748625,-0.0002159536431883824,-1,-1
116,116,5572,4,2,2,00:00:00:00:00:07,360,324596,aaltosea1,rohe_test_isntance,experiment1,1700834684,rohe_test_stage,sdn,126,20,20.7,19550,20531.0,0.1056607308093331,0.0933694181326116,0.006268149608089857,0.006217152850784169,1,1
117,117,5573,4,2,2,00:00:00:00:00:07,364,327878,aaltosea1,rohe_test_isntance,experiment1,1700834685,rohe_test_stage,sdn,127,23,20.9,21320,20502.0,0.1055114852200548,0.0942715381145692,0.004804615909523635,0.0006374869256602356,1,1
118,118,5574,4,2,2,00:00:00:00:00:07,366,329980,aaltosea1,rohe_test_isntance,experiment1,1700834686,rohe_test_stage,sdn,128,24,21.3,21910,20591.0,0.10596951478715,0.0960757780784844,0.005746793807924533,-0.003887657977140413,1,-1
119,119,5575,4,2,2,00:00:00:00:00:07,367,331492,aaltosea1,rohe_test_isntance,experiment1,1700834687,rohe_test_stage,sdn,129,22,21.4,21652,20687.4,0.1064656277115093,0.0965268380694632,0.004972359689520478,-0.003084530804841501,1,-1
120,120,5576,4,2,2,00:00:00:00:00:07,369,333594,aaltosea1,rohe_test_isntance,experiment1,1700834688,rohe_test_stage,sdn,130,22,21.4,21652,20724.8,0.1066581030576818,0.0965268380694632,0.006969140778728233,-0.003084530804841501,1,-1
121,121,5577,4,2,2,00:00:00:00:00:07,373,335406,aaltosea1,rohe_test_isntance,experiment1,1700834689,rohe_test_stage,sdn,131,24,21.8,21362,20851.2,0.1073086079709496,0.0983310780333784,0.0033475820907467035,-0.019445894339355285,1,-1
122,122,5578,4,2,2,00:00:00:00:00:07,375,337508,aaltosea1,rohe_test_isntance,experiment1,1700834690,rohe_test_stage,sdn,132,24,22.2,21362,20977.6,0.1079591128842173,0.1001353179972936,0.001377101361406563,-0.023038115132392845,1,-1
123,123,5579,4,2,2,00:00:00:00:00:07,377,339610,aaltosea1,rohe_test_isntance,experiment1,1700834691,rohe_test_stage,sdn,133,23,22.4,20772,20986.0,0.1080023426411117,0.1010374379792512,0.0027896210723338255,-0.022268448608025238,1,-1
124,124,5580,4,2,2,00:00:00:00:00:07,380,342302,aaltosea1,rohe_test_isntance,experiment1,1700834692,rohe_test_stage,sdn,134,23,22.6,21320,21104.0,0.108609617797485,0.1019395579612088,-0.0010887327333658492,-0.025701163847583475,-1,-1
125,125,5581,4,2,2,00:00:00:00:00:07,382,344404,aaltosea1,rohe_test_isntance,experiment1,1700834693,rohe_test_stage,sdn,135,23,22.8,21320,21222.0,0.1092168929538584,0.1028416779431664,-0.0027858268679854525,-0.041486176929263596,-1,-1
126,126,5582,4,2,2,00:00:00:00:00:07,384,346506,aaltosea1,rohe_test_isntance,experiment1,1700834694,rohe_test_stage,sdn,136,24,23.2,21910,21458.0,0.1104314432666051,0.1046459179070816,-0.006956695951399805,-0.05753036380119869,-1,-1
127,127,5583,4,2,2,00:00:00:00:00:07,386,348608,aaltosea1,rohe_test_isntance,experiment1,1700834695,rohe_test_stage,sdn,137,22,23.1,20730,21399.0,0.1101278056884184,0.1041948579161028,-0.003686868907239904,-0.03690731161073635,-1,-1
128,128,5584,4,2,2,00:00:00:00:00:07,386,348608,aaltosea1,rohe_test_isntance,experiment1,1700834696,rohe_test_stage,sdn,138,20,22.7,18628,21070.8,0.1084387573297596,0.1023906179521876,0.001490111915401271,-0.03198127504815795,1,-1
129,129,5585,4,2,2,00:00:00:00:00:07,390,352812,aaltosea1,rohe_test_isntance,experiment1,1700834697,rohe_test_stage,sdn,139,23,22.8,21320,21037.6,0.1082678968620342,0.1028416779431664,0.0020076664600215954,-0.04058936260020929,1,-1
130,130,5586,4,2,2,00:00:00:00:00:07,392,354914,aaltosea1,rohe_test_isntance,experiment1,1700834698,rohe_test_stage,sdn,140,23,22.9,21320,21004.4,0.1080970363943089,0.1032927379341452,0.004587059970626695,-0.04155274872621795,1,-1
131,131,5587,4,2,2,00:00:00:00:00:07,395,357606,aaltosea1,rohe_test_isntance,experiment1,1700834699,rohe_test_stage,sdn,141,22,22.7,22200,21088.2,0.1085283046833266,0.1023906179521876,0.0019187998370908677,-0.031098611336273896,1,-1
132,132,5588,4,2,2,00:00:00:00:00:07,397,359708,aaltosea1,rohe_test_isntance,experiment1,1700834700,rohe_test_stage,sdn,142,22,22.5,22200,21172.0,0.1089595729723442,0.10148849797023,0.0017607591543414847,-0.009500900726496675,1,-1
133,133,5589,4,2,2,00:00:00:00:00:07,399,361810,aaltosea1,rohe_test_isntance,experiment1,1700834701,rohe_test_stage,sdn,143,22,22.4,22200,21314.8,0.1096944788395486,0.1010374379792512,0.005159019950400134,-0.01641781597831571,1,-1
134,134,5590,4,2,2,00:00:00:00:00:07,401,363912,aaltosea1,rohe_test_isntance,experiment1,1700834702,rohe_test_stage,sdn,144,21,22.2,21610,21343.8,0.1098437244288268,0.1001353179972936,0.005159019950400134,-0.017610555729055122,1,-1
135,135,5591,4,2,2,00:00:00:00:00:07,403,366014,aaltosea1,rohe_test_isntance,experiment1,1700834703,rohe_test_stage,sdn,145,21,22.0,21610,21372.8,0.109992970018105,0.099233198015336,0.0022319664355594515,-0.024772868436266693,1,-1
136,136,5592,4,2,2,00:00:00:00:00:07,405,368116,aaltosea1,rohe_test_isntance,experiment1,1700834704,rohe_test_stage,sdn,146,21,21.7,21610,21342.8,0.1098385780291965,0.0978800180423996,0.005159019950400134,-0.014558943018911252,1,-1
137,137,5593,4,2,2,00:00:00:00:00:07,405,368116,aaltosea1,rohe_test_isntance,experiment1,1700834705,rohe_test_stage,sdn,147,19,21.4,19508,21220.6,0.109209687994376,0.0965268380694632,0.00434198799847807,0.0034909820383333123,1,1
138,138,5594,4,2,2,00:00:00:00:00:07,407,370218,aaltosea1,rohe_test_isntance,experiment1,1700834706,rohe_test_stage,sdn,148,21,21.5,21610,21518.8,0.1107443443641263,0.096977898060442,-0.0007045705550909886,-0.0034951528056021974,-1,-1
139,139,5595,4,2,2,00:00:00:00:00:07,408,371730,aaltosea1,rohe_test_isntance,experiment1,1700834707,rohe_test_stage,sdn,149,18,21.0,18918,21278.6,0.1095081791729324,0.094722598105548,0.00886778823449641,0.008945436031382537,1,1
140,140,5596,4,2,2,00:00:00:00:00:07,411,373500,aaltosea1,rohe_test_isntance,experiment1,1700834708,rohe_test_stage,sdn,150,19,20.6,18586,21005.2,0.1081011535140131,0.0929183581416328,0.010781035636749592,0.012097263414885262,1,1
141,141,5597,4,2,2,00:00:00:00:00:07,413,375602,aaltosea1,rohe_test_isntance,experiment1,1700834709,rohe_test_stage,sdn,151,18,20.2,17996,20584.8,0.1059376071094422,0.0911141181777176,0.01486805524158541,0.006281809154021656,1,1
142,142,5598,4,2,2,00:00:00:00:00:07,415,377704,aaltosea1,rohe_test_isntance,experiment1,1700834710,rohe_test_stage,sdn,152,18,19.8,17996,20164.4,0.1037740607048714,0.0893098782138024,0.0273825426728721,0.016919736916661376,1,1
143,143,5599,4,2,2,00:00:00:00:00:07,417,379806,aaltosea1,rohe_test_isntance,experiment1,1700834711,rohe_test_stage,sdn,153,18,19.4,17996,19744.0,0.1016105143003006,0.0875056382498872,0.0483811361213109,0.007395672473110126,1,1
144,144,5600,4,2,2,00:00:00:00:00:07,418,380396,aaltosea1,rohe_test_isntance,experiment1,1700834712,rohe_test_stage,sdn,154,17,19.0,16484,19231.4,0.0989724698498177,0.085701398285972,0.009412778437839942,-0.018640858188511356,1,-1
145,145,5601,4,2,2,00:00:00:00:00:07,419,381908,aaltosea1,rohe_test_isntance,experiment1,1700834713,rohe_test_stage,sdn,155,16,18.5,15894,18659.8,0.0960307878211482,0.083446098331078,-0.027043105978624804,-0.037211758005228246,-1,-1
146,146,5602,4,2,2,00:00:00:00:00:07,422,384600,aaltosea1,rohe_test_isntance,experiment1,1700834714,rohe_test_stage,sdn,156,17,18.1,16484,18147.2,0.0933927433706653,0.0816418583671628,-0.05082827725435635,-0.058883902285914,-1,-1
147,147,5603,4,2,2,00:00:00:00:00:07,424,386702,aaltosea1,rohe_test_isntance,experiment1,1700834715,rohe_test_stage,sdn,157,19,18.1,18586,18055.0,0.0929182453247532,0.0816418583671628,-0.053738954407923645,-0.058883902285914,-1,-1
148,148,5604,4,2,2,00:00:00:00:00:07,426,388804,aaltosea1,rohe_test_isntance,experiment1,1700834716,rohe_test_stage,sdn,158,19,17.9,18586,17752.6,0.0913619740765557,0.0807397383852052,-0.06494275556151274,-0.059712104862841286,-1,-1
149,149,5605,4,2,2,00:00:00:00:00:07,429,391496,aaltosea1,rohe_test_isntance,experiment1,1700834717,rohe_test_stage,sdn,159,21,18.2,19766,17837.4,0.0917983887652037,0.0820929183581416,-0.06065212982402035,-0.0487716822276929,-1,-1
150,150,5606,4,2,2,00:00:00:00:00:07,429,391496,aaltosea1,rohe_test_isntance,experiment1,1700834718,rohe_test_stage,sdn,160,18,18.1,17996,17778.4,0.091494751187017,0.0816418583671628,-0.06542126987953978,-0.057500344232655265,-1,-1
151,151,5607,4,2,2,00:00:00:00:00:07,431,393598,aaltosea1,rohe_test_isntance,experiment1,1700834719,rohe_test_stage,sdn,161,18,18.1,17996,17778.4,0.091494751187017,0.0816418583671628,-0.06542126987953978,-0.057500344232655265,-1,-1
152,152,5608,4,2,2,00:00:00:00:00:07,433,395700,aaltosea1,rohe_test_isntance,experiment1,1700834720,rohe_test_stage,sdn,162,18,18.1,17996,17778.4,0.091494751187017,0.0816418583671628,-0.06542126987953978,-0.057500344232655265,-1,-1
153,153,5609,4,2,2,00:00:00:00:00:07,435,397802,aaltosea1,rohe_test_isntance,experiment1,1700834721,rohe_test_stage,sdn,163,18,18.1,17996,17778.4,0.091494751187017,0.0816418583671628,-0.06398679565510601,-0.055660403381102896,-1,-1
154,154,5610,4,2,2,00:00:00:00:00:07,437,399904,aaltosea1,rohe_test_isntance,experiment1,1700834722,rohe_test_stage,sdn,164,19,18.3,19508,18080.8,0.0930510224352145,0.0825439783491204,-0.05045758767009889,-0.04514913887830785,-1,-1
155,155,5611,4,2,2,00:00:00:00:00:07,440,403518,aaltosea1,rohe_test_isntance,experiment1,1700834723,rohe_test_stage,sdn,165,21,18.8,21610,18652.4,0.0959927044638841,0.0847992783040144,-0.02390058453326649,-0.02120621074203699,-1,-1
156,156,5612,4,2,2,00:00:00:00:00:07,443,406210,aaltosea1,rohe_test_isntance,experiment1,1700834724,rohe_test_stage,sdn,166,21,19.2,21610,19165.0,0.0986307489143669,0.0866035182679296,0.01918888780018768,0.013228740247939297,1,1
157,157,5613,4,2,2,00:00:00:00:00:07,445,408312,aaltosea1,rohe_test_isntance,experiment1,1700834725,rohe_test_stage,sdn,167,21,19.4,21610,19467.4,0.1001870201625644,0.0875056382498872,0.04778703613158897,0.027543031217980407,1,1
158,158,5614,4,2,2,00:00:00:00:00:07,448,410456,aaltosea1,rohe_test_isntance,experiment1,1700834726,rohe_test_stage,sdn,168,22,19.7,21652,19774.0,0.1017649062892091,0.0888588182228236,0.08206861904355411,0.053638597175608926,1,1
159,159,5615,4,2,2,00:00:00:00:00:07,450,412558,aaltosea1,rohe_test_isntance,experiment1,1700834727,rohe_test_stage,sdn,169,21,19.7,21062,19903.6,0.1024318796812937,0.0888588182228236,0.08050994492010177,0.05685813976031384,1,1
160,160,5616,4,2,2,00:00:00:00:00:07,452,414660,aaltosea1,rohe_test_isntance,experiment1,1700834728,rohe_test_stage,sdn,170,23,20.2,23164,20420.4,0.1050915390102238,0.0911141181777176,0.05798585859364702,0.04327576203980055,1,1
161,161,5617,4,2,2,00:00:00:00:00:07,455,417352,aaltosea1,rohe_test_isntance,experiment1,1700834729,rohe_test_stage,sdn,171,24,20.8,23754,20996.2,0.1080548359173406,0.0938204781235904,0.04914424024906061,0.052497189028210545,1,1
162,162,5618,4,2,2,00:00:00:00:00:07,457,419454,aaltosea1,rohe_test_isntance,experiment1,1700834730,rohe_test_stage,sdn,172,24,21.4,23754,21572.0,0.1110181328244573,0.0965268380694632,0.039045154307050356,0.04970460609650529,1,1
163,163,5619,4,2,2,00:00:00:00:00:07,459,421556,aaltosea1,rohe_test_isntance,experiment1,1700834731,rohe_test_stage,sdn,173,24,22.0,23754,22147.8,0.113981429731574,0.099233198015336,0.03023166798295962,0.01972815024061192,1,1
164,164,5620,4,2,2,00:00:00:00:00:07,461,423658,aaltosea1,rohe_test_isntance,experiment1,1700834732,rohe_test_stage,sdn,174,24,22.5,23754,22572.4,0.1161665910145921,0.10148849797023,0.03579353632959226,0.034122142350040296,1,1
165,165,5621,4,2,2,00:00:00:00:00:07,461,423658,aaltosea1,rohe_test_isntance,experiment1,1700834733,rohe_test_stage,sdn,175,21,22.5,20140,22425.4,0.1154100702689405,0.10148849797023,0.059802153228965094,0.050707773566849634,1,1
166,166,5622,4,2,2,00:00:00:00:00:07,465,427314,aaltosea1,rohe_test_isntance,experiment1,1700834734,rohe_test_stage,sdn,176,22,22.6,21104,22374.8,0.1151496624476482,0.1019395579612088,0.06554540315555113,0.03494782681451114,1,1
167,167,5623,4,2,2,00:00:00:00:00:07,470,432108,aaltosea1,rohe_test_isntance,experiment1,1700834735,rohe_test_stage,sdn,177,25,23.0,23796,22593.4,0.116274665406828,0.103743797925124,0.05733698194974457,0.016340592505809215,1,1
168,168,5624,4,2,2,00:00:00:00:00:07,471,433620,aaltosea1,rohe_test_isntance,experiment1,1700834736,rohe_test_stage,sdn,178,23,23.1,23164,22744.6,0.1170528010309267,0.1041948579161028,0.04188696807883341,0.02945075476435355,1,1
169,169,5625,4,2,2,00:00:00:00:00:07,472,434210,aaltosea1,rohe_test_isntance,experiment1,1700834737,rohe_test_stage,sdn,179,22,23.2,21652,22803.6,0.1173564386091134,0.1046459179070816,0.026275001346701687,-0.004230589414684349,1,-1
170,170,5626,4,2,2,00:00:00:00:00:07,474,436312,aaltosea1,rohe_test_isntance,experiment1,1700834738,rohe_test_stage,sdn,180,22,23.1,21652,22652.4,0.1165783029850147,0.1041948579161028,0.04432455287165904,0.019603395069329954,1,1
171,171,5627,4,2,2,00:00:00:00:00:07,476,438414,aaltosea1,rohe_test_isntance,experiment1,1700834739,rohe_test_stage,sdn,181,21,22.8,21062,22383.2,0.1151928922045426,0.1028416779431664,0.05551411859455435,0.01779968576700397,1,1
172,172,5628,4,2,2,00:00:00:00:00:07,478,440516,aaltosea1,rohe_test_isntance,experiment1,1700834740,rohe_test_stage,sdn,182,21,22.5,21062,22114.0,0.1138074814240705,0.10148849797023,0.058447900886099524,0.04638205567306297,1,1
173,173,5629,4,2,2,00:00:00:00:00:07,481,443208,aaltosea1,rohe_test_isntance,experiment1,1700834741,rohe_test_stage,sdn,183,22,22.3,21652,21903.8,0.1127257082217851,0.1005863779882724,0.0746612090851747,0.05029308857259218,1,1
174,174,5630,4,2,2,00:00:00:00:00:07,483,445310,aaltosea1,rohe_test_isntance,experiment1,1700834742,rohe_test_stage,sdn,184,22,22.1,21652,21693.6,0.1116439350194997,0.0996842580063148,0.07818165727997689,0.07126737651048798,1,1
175,175,5631,4,2,2,00:00:00:00:00:07,483,445310,aaltosea1,rohe_test_isntance,experiment1,1700834743,rohe_test_stage,sdn,185,22,22.2,21652,21844.8,0.1124220706435984,0.1001353179972936,0.08232259077249404,0.06371214887442533,1,1
176,176,5632,4,2,2,00:00:00:00:00:07,486,448002,aaltosea1,rohe_test_isntance,experiment1,1700834744,rohe_test_stage,sdn,186,21,22.1,20688,21803.2,0.1122079804189786,0.0996842580063148,0.08142468113653345,0.0647180715293324,1,1
177,177,5633,4,2,2,00:00:00:00:00:07,488,450104,aaltosea1,rohe_test_isntance,experiment1,1700834745,rohe_test_stage,sdn,187,18,21.4,17996,21223.2,0.1092230686334147,0.0965268380694632,0.08515912739130654,0.0777170449977046,1,1
178,178,5634,4,2,2,00:00:00:00:00:07,490,452206,aaltosea1,rohe_test_isntance,experiment1,1700834746,rohe_test_stage,sdn,188,19,21.0,18586,20765.4,0.1068670468826713,0.094722598105548,0.09392017028122934,0.096695516619968,1,1
179,179,5635,4,2,2,00:00:00:00:00:07,492,454308,aaltosea1,rohe_test_isntance,experiment1,1700834747,rohe_test_stage,sdn,189,20,20.8,20098,20610.0,0.1060672963801254,0.0938204781235904,0.09895042898734752,0.10507356816439845,1,1
180,180,5636,4,2,2,00:00:00:00:00:07,494,456410,aaltosea1,rohe_test_isntance,experiment1,1700834748,rohe_test_stage,sdn,190,20,20.6,20098,20454.6,0.1052675458775795,0.0929183581416328,0.11898038814734052,0.12208289772849767,1,1
181,181,5637,4,2,2,00:00:00:00:00:07,497,459102,aaltosea1,rohe_test_isntance,experiment1,1700834749,rohe_test_stage,sdn,191,21,20.6,20688,20417.2,0.1050750705314069,0.0929183581416328,0.12422992614264206,0.12234512212985632,1,1
182,182,5638,4,2,2,00:00:00:00:00:07,499,461204,aaltosea1,rohe_test_isntance,experiment1,1700834750,rohe_test_stage,sdn,192,21,20.6,20688,20379.8,0.1048825951852343,0.0929183581416328,0.12766765437739275,0.12243704811719947,1,1
183,183,5639,4,2,2,00:00:00:00:00:07,501,463306,aaltosea1,rohe_test_isntance,experiment1,1700834751,rohe_test_stage,sdn,193,20,20.4,20098,20224.4,0.1040828446826884,0.0920162381596752,0.12681668509295302,0.1112311196614787,1,1
184,184,5640,4,2,2,00:00:00:00:00:07,502,464818,aaltosea1,rohe_test_isntance,experiment1,1700834752,rohe_test_stage,sdn,194,19,20.1,19508,20010.0,0.1029794566019558,0.0906630581867388,0.12810204460346541,0.10846590180001531,1,1
185,185,5641,4,2,2,00:00:00:00:00:07,503,465408,aaltosea1,rohe_test_isntance,experiment1,1700834753,rohe_test_stage,sdn,195,20,19.9,20098,19854.6,0.1021797060994099,0.0897609382047812,0.14200453910541966,0.1031499417753231,1,1
186,186,5642,4,2,2,00:00:00:00:00:07,504,466920,aaltosea1,rohe_test_isntance,experiment1,1700834754,rohe_test_stage,sdn,196,18,19.6,18918,19677.6,0.1012687933648498,0.0884077582318448,0.14762711991634314,0.09985565751330255,1,1
187,187,5643,4,2,2,00:00:00:00:00:07,504,466920,aaltosea1,rohe_test_isntance,experiment1,1700834755,rohe_test_stage,sdn,197,16,19.4,16816,19559.6,0.1006615182084765,0.0875056382498872,0.14440058677094997,0.11607817161183603,1,1
188,188,5644,4,2,2,00:00:00:00:00:07,509,471714,aaltosea1,rohe_test_isntance,experiment1,1700834756,rohe_test_stage,sdn,198,19,19.4,19508,19651.8,0.1011360162543885,0.0875056382498872,0.15187343016234728,0.12123747890336578,1,1
189,189,5645,4,2,2,00:00:00:00:00:07,511,473816,aaltosea1,rohe_test_isntance,experiment1,1700834757,rohe_test_stage,sdn,199,19,19.3,19508,19592.8,0.1008323786762019,0.0870545782589084,0.14944077046906062,0.11715530223247217,1,1
190,190,5646,4,2,2,00:00:00:00:00:07,513,475918,aaltosea1,rohe_test_isntance,experiment1,1700834758,rohe_test_stage,sdn,200,19,19.2,19508,19533.8,0.1005287410980152,0.0866035182679296,0.14133426111485847,0.10765643463635466,1,1
191,191,5647,4,2,2,00:00:00:00:00:07,514,477430,aaltosea1,rohe_test_isntance,experiment1,1700834759,rohe_test_stage,sdn,201,17,18.8,18328,19297.8,0.0993141907852685,0.0847992783040144,0.11437250814604877,0.09743332411771166,1,1
192,192,5648,4,2,2,00:00:00:00:00:07,515,478020,aaltosea1,rohe_test_isntance,experiment1,1700834760,rohe_test_stage,sdn,202,16,18.3,16816,18910.6,0.097321504848423,0.0825439783491204,0.08968748700483936,0.05258827687542744,1,1
193,193,5649,4,2,2,00:00:00:00:00:07,517,481044,aaltosea1,rohe_test_isntance,experiment1,1700834761,rohe_test_stage,sdn,203,16,17.9,17738,18674.6,0.0961069545356763,0.0807397383852052,0.08557520678305897,0.02848659558409361,1,1
194,194,5650,4,2,2,00:00:00:00:00:07,519,483146,aaltosea1,rohe_test_isntance,experiment1,1700834762,rohe_test_stage,sdn,204,17,17.7,18328,18556.6,0.095499679379303,0.0798376184032476,0.054575388268469416,0.004443027183393733,1,1
195,195,5651,4,2,2,00:00:00:00:00:07,524,487018,aaltosea1,rohe_test_isntance,experiment1,1700834763,rohe_test_stage,sdn,205,21,17.8,21610,18707.8,0.0962778150034017,0.0802886783942264,0.08353827090519078,0.012960537711181885,1,1
196,196,5652,4,2,2,00:00:00:00:00:07,526,489120,aaltosea1,rohe_test_isntance,experiment1,1700834764,rohe_test_stage,sdn,206,22,18.2,22200,19036.0,0.0979668633620605,0.0820929183581416,0.09490733769895976,0.04849767304025965,1,1
197,197,5653,4,2,2,00:00:00:00:00:07,527,490632,aaltosea1,rohe_test_isntance,experiment1,1700834765,rohe_test_stage,sdn,207,23,18.9,23712,19725.6,0.1015158205471034,0.0852503382949932,0.155836724029219,0.11589590281524675,1,1
198,198,5654,4,2,2,00:00:00:00:00:07,528,492144,aaltosea1,rohe_test_isntance,experiment1,1700834766,rohe_test_stage,sdn,208,19,18.9,20430,19817.8,0.1019903185930155,0.0852503382949932,0.16558587949314918,0.11980648870001975,1,1
199,199,5655,4,2,2,00:00:00:00:00:07,531,493914,aaltosea1,rohe_test_isntance,experiment1,1700834767,rohe_test_stage,sdn,209,20,19.0,20098,19876.8,0.1022939561712021,0.085701398285972,0.16288085472733654,0.12071128987833107,1,1
200,200,5656,4,2,2,00:00:00:00:00:07,533,496016,aaltosea1,rohe_test_isntance,experiment1,1700834768,rohe_test_stage,sdn,210,20,19.1,20098,19935.8,0.1025975937493888,0.0861524582769508,0.15442401053772098,0.11831390271247261,1,1
201,201,5657,4,2,2,00:00:00:00:00:07,535,498118,aaltosea1,rohe_test_isntance,experiment1,1700834769,rohe_test_stage,sdn,211,21,19.5,20688,20171.8,0.1038121440621355,0.087956698240866,0.1486314918357753,0.11849709945540132,1,1
202,202,5658,4,2,2,00:00:00:00:00:07,536,499630,aaltosea1,rohe_test_isntance,experiment1,1700834770,rohe_test_stage,sdn,212,21,20.0,21610,20651.2,0.106279328044893,0.09021199819576,0.12963177828731415,0.12108402796238749,1,1
203,203,5659,4,2,2,00:00:00:00:00:07,538,501732,aaltosea1,rohe_test_isntance,experiment1,1700834771,rohe_test_stage,sdn,213,21,20.5,20688,20946.2,0.1077975159358264,0.092467298150654,0.11581899152862901,0.13475840865129285,1,1
204,204,5660,4,2,2,00:00:00:00:00:07,542,504466,aaltosea1,rohe_test_isntance,experiment1,1700834772,rohe_test_stage,sdn,214,23,21.1,21320,21245.4,0.109337318705207,0.0951736580965268,0.06966034654964126,0.10816995120561052,1,1
205,205,5661,4,2,2,00:00:00:00:00:07,544,506568,aaltosea1,rohe_test_isntance,experiment1,1700834773,rohe_test_stage,sdn,215,20,21.0,19550,21039.4,0.1082771603813688,0.094722598105548,0.09944933097086611,0.12005164653372691,1,1
206,206,5662,4,2,2,00:00:00:00:00:07,545,508080,aaltosea1,rohe_test_isntance,experiment1,1700834774,rohe_test_stage,sdn,216,19,20.7,18960,20715.4,0.1066097269011572,0.0933694181326116,0.135039015462887,0.1420546126327571,1,1
207,207,5663,4,2,2,00:00:00:00:00:07,548,510772,aaltosea1,rohe_test_isntance,experiment1,1700834775,rohe_test_stage,sdn,217,21,20.5,20140,20358.2,0.1047714329532202,0.092467298150654,0.1518528340630554,0.13748225972060502,1,1
208,208,5664,4,2,2,00:00:00:00:00:07,549,512284,aaltosea1,rohe_test_isntance,experiment1,1700834776,rohe_test_stage,sdn,218,21,20.7,20140,20329.2,0.104622187363942,0.0933694181326116,0.152893830425685,0.1475290808520664,1,1
209,209,5665,4,2,2,00:00:00:00:00:07,551,513464,aaltosea1,rohe_test_isntance,experiment1,1700834777,rohe_test_stage,sdn,219,20,20.7,19550,20274.4,0.1043401646642025,0.0933694181326116,0.14736109890601728,0.1482604165763235,1,1
210,210,5666,4,2,2,00:00:00:00:00:07,553,515566,aaltosea1,rohe_test_isntance,experiment1,1700834778,rohe_test_stage,sdn,220,20,20.7,19550,20219.6,0.104058141964463,0.0933694181326116,0.15483936407733195,0.15106184134027068,1,1
211,211,5667,4,2,2,00:00:00:00:00:07,554,517078,aaltosea1,rohe_test_isntance,experiment1,1700834779,rohe_test_stage,sdn,221,19,20.5,18960,20046.8,0.1031688441083502,0.092467298150654,0.15246198707732483,0.14497308143871335,1,1
212,212,5668,4,2,2,00:00:00:00:00:07,557,519222,aaltosea1,rohe_test_isntance,experiment1,1700834780,rohe_test_stage,sdn,222,21,20.5,19592,19845.0,0.1021303006629592,0.092467298150654,0.1636656621389735,0.14402579787918074,1,1
213,213,5669,4,2,2,00:00:00:00:00:07,560,521914,aaltosea1,rohe_test_isntance,experiment1,1700834781,rohe_test_stage,sdn,223,22,20.6,20182,19794.4,0.1018698928416669,0.0929183581416328,0.16271836580668042,0.14383220213712317,1,1
214,214,5670,4,2,2,00:00:00:00:00:07,562,524016,aaltosea1,rohe_test_isntance,experiment1,1700834782,rohe_test_stage,sdn,224,20,20.3,19550,19617.4,0.1009589801071068,0.0915651781686964,0.1437803337633643,0.11550189145920364,1,1
215,215,5671,4,2,2,00:00:00:00:00:07,565,526708,aaltosea1,rohe_test_isntance,experiment1,1700834783,rohe_test_stage,sdn,225,21,20.4,20140,19676.4,0.1012626176852935,0.0920162381596752,0.1557472252235091,0.12644027613231706,1,1
216,216,5672,4,2,2,00:00:00:00:00:07,567,528810,aaltosea1,rohe_test_isntance,experiment1,1700834784,rohe_test_stage,sdn,226,22,20.7,20730,19853.4,0.1021735304198535,0.0933694181326116,0.16327489981497129,0.1491668370576782,1,1
217,217,5673,4,2,2,00:00:00:00:00:07,569,530912,aaltosea1,rohe_test_isntance,experiment1,1700834785,rohe_test_stage,sdn,227,21,20.7,20140,19853.4,0.1021735304198535,0.0933694181326116,0.16291916552318358,0.14852386814069596,1,1
218,218,5674,4,2,2,00:00:00:00:00:07,571,533014,aaltosea1,rohe_test_isntance,experiment1,1700834786,rohe_test_stage,sdn,228,22,20.8,20730,19912.4,0.1024771679980402,0.0938204781235904,0.16039035967740445,0.132294360172515,1,1
219,219,5675,4,2,2,00:00:00:00:00:07,573,535116,aaltosea1,rohe_test_isntance,experiment1,1700834787,rohe_test_stage,sdn,229,22,21.0,21652,20122.6,0.1035589412003256,0.094722598105548,0.1545649337885316,0.12281041349614569,1,1
220,220,5676,4,2,2,00:00:00:00:00:07,575,537218,aaltosea1,rohe_test_isntance,experiment1,1700834788,rohe_test_stage,sdn,230,22,21.2,21652,20332.8,0.104640714402611,0.0956247180875056,0.14153783366985412,0.10695172511136952,1,1
221,221,5677,4,2,2,00:00:00:00:00:07,577,539320,aaltosea1,rohe_test_isntance,experiment1,1700834789,rohe_test_stage,sdn,231,23,21.6,22242,20661.0,0.1063297627612698,0.0974289580514208,0.13079221039769595,0.06495934239680229,1,1
222,222,5678,4,2,2,00:00:00:00:00:07,578,539910,aaltosea1,rohe_test_isntance,experiment1,1700834790,rohe_test_stage,sdn,232,21,21.6,20688,20770.6,0.1068938081607488,0.0974289580514208,0.13650414955979956,0.06692348767721251,1,1
223,223,5679,4,2,2,00:00:00:00:00:07,580,542012,aaltosea1,rohe_test_isntance,experiment1,1700834791,rohe_test_stage,sdn,233,20,21.4,20098,20762.2,0.1068505784038544,0.0965268380694632,0.13285772435492887,0.09835769520479082,1,1
224,224,5680,4,2,2,00:00:00:00:00:07,582,544114,aaltosea1,rohe_test_isntance,experiment1,1700834792,rohe_test_stage,sdn,234,20,21.4,20098,20817.0,0.1071326011035939,0.0965268380694632,0.11859583856576417,0.09428157970056228,1,1
225,225,5681,4,2,2,00:00:00:00:00:07,584,546216,aaltosea1,rohe_test_isntance,experiment1,1700834793,rohe_test_stage,sdn,235,19,21.2,19508,20753.8,0.10680734864696,0.0956247180875056,0.13341907459399166,0.10093651361899586,1,1
226,226,5682,4,2,2,00:00:00:00:00:07,586,548318,aaltosea1,rohe_test_isntance,experiment1,1700834794,rohe_test_stage,sdn,236,19,20.9,19508,20631.6,0.1061784586121395,0.0942715381145692,0.13335371986660932,0.11924122005574911,1,1
227,227,5683,4,2,2,00:00:00:00:00:07,588,550420,aaltosea1,rohe_test_isntance,experiment1,1700834795,rohe_test_stage,sdn,237,19,20.7,19508,20568.4,0.1058532061555056,0.0933694181326116,0.13075016134331718,0.13022091788020135,1,1
228,228,5684,4,2,2,00:00:00:00:00:07,591,553112,aaltosea1,rohe_test_isntance,experiment1,1700834796,rohe_test_stage,sdn,238,20,20.5,20098,20505.2,0.1055279536988718,0.092467298150654,0.12488505823842205,0.12441200823733539,1,1
229,229,5685,4,2,2,00:00:00:00:00:07,593,555214,aaltosea1,rohe_test_isntance,experiment1,1700834797,rohe_test_stage,sdn,239,20,20.3,20098,20349.8,0.1047282031963258,0.0915651781686964,0.1319015141620013,0.1150966651912868,1,1
230,230,5686,4,2,2,00:00:00:00:00:07,594,556726,aaltosea1,rohe_test_isntance,experiment1,1700834798,rohe_test_stage,sdn,240,19,20.0,19508,20135.4,0.1036248151155932,0.09021199819576,0.14189174996972004,0.11618653668424639,1,1
231,231,5687,4,2,2,00:00:00:00:00:07,595,557316,aaltosea1,rohe_test_isntance,experiment1,1700834799,rohe_test_stage,sdn,241,18,19.5,17996,19710.8,0.1014396538325752,0.087956698240866,0.16207127130738214,0.12242401610571918,1,1
232,232,5688,4,2,2,00:00:00:00:00:07,597,559418,aaltosea1,rohe_test_isntance,experiment1,1700834800,rohe_test_stage,sdn,242,19,19.3,19508,19592.8,0.1008323786762019,0.0870545782589084,0.16706876811101096,0.1376364185896834,1,1
233,233,5689,4,2,2,00:00:00:00:00:07,599,561520,aaltosea1,rohe_test_isntance,experiment1,1700834801,rohe_test_stage,sdn,243,19,19.2,19508,19533.8,0.1005287410980152,0.0866035182679296,0.16900478810385944,0.13937192641593277,1,1
234,234,5690,4,2,2,00:00:00:00:00:07,601,563622,aaltosea1,rohe_test_isntance,experiment1,1700834802,rohe_test_stage,sdn,244,19,19.1,19508,19474.8,0.1002251035198285,0.0861524582769508,0.1673447241767821,0.14072682033688333,1,1
235,235,5691,4,2,2,00:00:00:00:00:07,604,566314,aaltosea1,rohe_test_isntance,experiment1,1700834803,rohe_test_stage,sdn,245,20,19.2,20098,19533.8,0.1005287410980152,0.0866035182679296,0.1710890251444228,0.1478034048944617,1,1
236,236,5692,4,2,2,00:00:00:00:00:07,605,567826,aaltosea1,rohe_test_isntance,experiment1,1700834804,rohe_test_stage,sdn,246,19,19.2,19508,19533.8,0.1005287410980152,0.0866035182679296,0.17025026278552224,0.14665544493793392,1,1
237,237,5693,4,2,2,00:00:00:00:00:07,606,568416,aaltosea1,rohe_test_isntance,experiment1,1700834805,rohe_test_stage,sdn,247,18,19.1,17996,19382.6,0.0997506054739165,0.0861524582769508,0.15027396880960786,0.14334439339819954,1,1
238,238,5694,4,2,2,00:00:00:00:00:07,608,570518,aaltosea1,rohe_test_isntance,experiment1,1700834806,rohe_test_stage,sdn,248,17,18.8,17406,19113.4,0.0983651946934444,0.0847992783040144,0.12996067486485297,0.13790809994061548,1,1
239,239,5695,4,2,2,00:00:00:00:00:07,610,572620,aaltosea1,rohe_test_isntance,experiment1,1700834807,rohe_test_stage,sdn,249,17,18.5,17406,18844.2,0.0969797839129723,0.083446098331078,0.10330845405406713,0.09769389660727751,1,1
240,240,5696,4,2,2,00:00:00:00:00:07,612,574722,aaltosea1,rohe_test_isntance,experiment1,1700834808,rohe_test_stage,sdn,250,18,18.4,17996,18693.0,0.0962016482888735,0.0829950383400992,0.07689776463533893,0.08134341462463618,1,1
241,241,5697,4,2,2,00:00:00:00:00:07,615,577414,aaltosea1,rohe_test_isntance,experiment1,1700834809,rohe_test_stage,sdn,251,20,18.6,20098,18903.2,0.097283421491159,0.0838971583220568,0.12518591469529106,0.10112843129857146,1,1
242,242,5698,4,2,2,00:00:00:00:00:07,617,579516,aaltosea1,rohe_test_isntance,experiment1,1700834810,rohe_test_stage,sdn,252,20,18.7,20098,18962.2,0.0975870590693456,0.0843482183130356,0.12987443255609382,0.11870054278055958,1,1
243,243,5699,4,2,2,00:00:00:00:00:07,619,581618,aaltosea1,rohe_test_isntance,experiment1,1700834811,rohe_test_stage,sdn,253,20,18.8,20098,19021.2,0.0978906966475323,0.0847992783040144,0.14485474728388342,0.14053944212069153,1,1
244,244,5700,4,2,2,00:00:00:00:00:07,621,583720,aaltosea1,rohe_test_isntance,experiment1,1700834812,rohe_test_stage,sdn,254,20,18.9,20098,19080.2,0.098194334225719,0.0852503382949932,0.13735317645573203,0.13795942672841843,1,1
245,245,5701,4,2,2,00:00:00:00:00:07,623,585822,aaltosea1,rohe_test_isntance,experiment1,1700834813,rohe_test_stage,sdn,255,19,18.8,19508,19021.2,0.0978906966475323,0.0847992783040144,0.1431081174223659,0.13738819114258777,1,1
246,246,5702,4,2,2,00:00:00:00:00:07,624,587334,aaltosea1,rohe_test_isntance,experiment1,1700834814,rohe_test_stage,sdn,256,19,18.8,19508,19021.2,0.0978906966475323,0.0847992783040144,0.1371301419577695,0.12816420543591195,1,1
247,247,5703,4,2,2,00:00:00:00:00:07,625,587924,aaltosea1,rohe_test_isntance,experiment1,1700834815,rohe_test_stage,sdn,257,19,18.9,19508,19172.4,0.098668832271631,0.0852503382949932,0.12506172314021613,0.1276927324444136,1,1
248,248,5704,4,2,2,00:00:00:00:00:07,627,590026,aaltosea1,rohe_test_isntance,experiment1,1700834816,rohe_test_stage,sdn,258,19,19.1,19508,19382.6,0.0997506054739165,0.0861524582769508,0.14927674368330773,0.13355819025473087,1,1
249,249,5705,4,2,2,00:00:00:00:00:07,629,592128,aaltosea1,rohe_test_isntance,experiment1,1700834817,rohe_test_stage,sdn,259,19,19.3,19508,19592.8,0.1008323786762019,0.0870545782589084,0.17329714614394992,0.15064973045556945,1,1
250,250,5706,4,2,2,00:00:00:00:00:07,630,593640,aaltosea1,rohe_test_isntance,experiment1,1700834818,rohe_test_stage,sdn,260,18,19.3,18918,19685.0,0.1013068767221139,0.0870545782589084,0.16973817683895975,0.15122928331771318,1,1
251,251,5707,4,2,2,00:00:00:00:00:07,635,596964,aaltosea1,rohe_test_isntance,experiment1,1700834819,rohe_test_stage,sdn,261,20,19.3,19550,19630.2,0.1010248540223744,0.0870545782589084,0.173235307919122,0.1512953250471306,1,1
252,252,5708,4,2,2,00:00:00:00:00:07,637,599066,aaltosea1,rohe_test_isntance,experiment1,1700834820,rohe_test_stage,sdn,262,20,19.3,19550,19575.4,0.100742831322635,0.0870545782589084,0.1715832278392398,0.15094239507746426,1,1
253,253,5709,4,2,2,00:00:00:00:00:07,639,601168,aaltosea1,rohe_test_isntance,experiment1,1700834821,rohe_test_stage,sdn,263,20,19.3,19550,19520.6,0.1004608086228955,0.0870545782589084,0.173861742585033,0.14963788615150914,1,1
254,254,5710,4,2,2,00:00:00:00:00:07,641,603270,aaltosea1,rohe_test_isntance,experiment1,1700834822,rohe_test_stage,sdn,264,20,19.3,19550,19465.8,0.100178785923156,0.0870545782589084,0.17058924507617101,0.14343145737962093,1,1
255,255,5711,4,2,2,00:00:00:00:00:07,643,605372,aaltosea1,rohe_test_isntance,experiment1,1700834823,rohe_test_stage,sdn,265,20,19.4,19550,19470.0,0.1002004008016032,0.0875056382498872,0.1703915604709123,0.11925093006715037,1,1
256,256,5712,4,2,2,00:00:00:00:00:07,645,607474,aaltosea1,rohe_test_isntance,experiment1,1700834824,rohe_test_stage,sdn,266,21,19.6,20140,19533.2,0.100525653258237,0.0884077582318448,0.17276896902129846,0.10595109127906416,1,1
257,257,5713,4,2,2,00:00:00:00:00:07,647,609576,aaltosea1,rohe_test_isntance,experiment1,1700834825,rohe_test_stage,sdn,267,22,19.9,21652,19747.6,0.1016290413389696,0.0897609382047812,0.16151137495281886,0.10003451324821405,1,1
258,258,5714,4,2,2,00:00:00:00:00:07,648,611088,aaltosea1,rohe_test_isntance,experiment1,1700834826,rohe_test_stage,sdn,268,21,20.1,21062,19903.0,0.1024287918415155,0.0906630581867388,0.15283976079532013,0.11264409324171976,1,1
259,259,5715,4,2,2,00:00:00:00:00:07,648,611088,aaltosea1,rohe_test_isntance,experiment1,1700834827,rohe_test_stage,sdn,269,19,20.1,18960,19848.2,0.1021467691417761,0.0906630581867388,0.15778203867876667,0.1120506011298602,1,1
260,260,5716,4,2,2,00:00:00:00:00:07,654,615924,aaltosea1,rohe_test_isntance,experiment1,1700834828,rohe_test_stage,sdn,270,24,20.7,22284,20184.8,0.1038790472573292,0.0933694181326116,0.13210939743783334,0.09948634357617642,1,1
261,261,5717,4,2,2,00:00:00:00:00:07,657,618616,aaltosea1,rohe_test_isntance,experiment1,1700834829,rohe_test_stage,sdn,271,22,20.9,21652,20395.0,0.1049608204596146,0.0942715381145692,0.11543344844487574,0.09675115318555971,1,1
262,262,5718,4,2,2,00:00:00:00:00:07,659,620718,aaltosea1,rohe_test_isntance,experiment1,1700834830,rohe_test_stage,sdn,272,22,21.1,21652,20605.2,0.1060425936619,0.0951736580965268,0.10881539091617076,0.09289140652557665,1,1
263,263,5719,4,2,2,00:00:00:00:00:07,661,622820,aaltosea1,rohe_test_isntance,experiment1,1700834831,rohe_test_stage,sdn,273,22,21.3,21652,20815.4,0.1071243668641854,0.0960757780784844,0.10898179668739733,0.0816239494832125,1,1
264,264,5720,4,2,2,00:00:00:00:00:07,663,624922,aaltosea1,rohe_test_isntance,experiment1,1700834832,rohe_test_stage,sdn,274,22,21.5,21652,21025.6,0.1082061400664708,0.096977898060442,0.10205999089667561,0.08374970815442856,1,1
265,265,5721,4,2,2,00:00:00:00:00:07,665,627024,aaltosea1,rohe_test_isntance,experiment1,1700834833,rohe_test_stage,sdn,275,22,21.7,21652,21235.8,0.1092879132687563,0.0978800180423996,0.07510837620896926,0.04871225362817566,1,1
266,266,5722,4,2,2,00:00:00:00:00:07,666,628536,aaltosea1,rohe_test_isntance,experiment1,1700834834,rohe_test_stage,sdn,276,21,21.7,21062,21328.0,0.1097624113146683,0.0978800180423996,0.05041938457511741,0.051453551016935606,1,1
267,267,5723,4,2,2,00:00:00:00:00:07,666,628536,aaltosea1,rohe_test_isntance,experiment1,1700834835,rohe_test_stage,sdn,277,19,21.4,18960,21058.8,0.1083770005341962,0.0965268380694632,0.10294153055280736,0.09073943023962228,1,1
268,268,5724,4,2,2,00:00:00:00:00:07,670,631818,aaltosea1,rohe_test_isntance,experiment1,1700834836,rohe_test_stage,sdn,278,22,21.5,20730,21025.6,0.1082061400664708,0.096977898060442,0.11120035088099645,0.08749640841537093,1,1
269,269,5725,4,2,2,00:00:00:00:00:07,672,633920,aaltosea1,rohe_test_isntance,experiment1,1700834837,rohe_test_stage,sdn,279,24,22.0,22832,21412.8,0.1101988260033163,0.099233198015336,0.012900362171417545,-0.009911826436096005,1,-1
270,270,5726,4,2,2,00:00:00:00:00:07,674,636022,aaltosea1,rohe_test_isntance,experiment1,1700834838,rohe_test_stage,sdn,280,20,21.6,20098,21194.2,0.1090738230441365,0.0974289580514208,0.0738472207505042,0.057712245098313186,1,1
271,271,5727,4,2,2,00:00:00:00:00:07,676,638124,aaltosea1,rohe_test_isntance,experiment1,1700834839,rohe_test_stage,sdn,281,19,21.3,19508,20979.8,0.1079704349634039,0.0960757780784844,0.09028339768965815,0.07539720750370854,1,1
272,272,5728,4,2,2,00:00:00:00:00:07,678,640226,aaltosea1,rohe_test_isntance,experiment1,1700834841,rohe_test_stage,sdn,283,19,21.0,19508,20765.4,0.1068670468826713,0.094722598105548,0.08337808723983575,0.06228767475064917,1,1
273,273,5729,4,2,2,00:00:00:00:00:07,679,640816,aaltosea1,rohe_test_isntance,experiment1,1700834842,rohe_test_stage,sdn,284,18,20.6,17996,20399.8,0.10498552317784,0.0929183581416328,0.09855257565860864,0.06446919810810242,1,1
274,274,5730,4,2,2,00:00:00:00:00:07,680,642328,aaltosea1,rohe_test_isntance,experiment1,1700834843,rohe_test_stage,sdn,285,17,20.1,17406,19975.2,0.102800361894822,0.0906630581867388,0.13245387008918236,0.09050183828752778,1,1
275,275,5731,4,2,2,00:00:00:00:00:07,683,645020,aaltosea1,rohe_test_isntance,experiment1,1700834844,rohe_test_stage,sdn,286,18,19.7,17996,19609.6,0.1009188381899906,0.0888588182228236,0.14818048133147044,0.10643537805380654,1,1
276,276,5732,4,2,2,00:00:00:00:00:07,685,647122,aaltosea1,rohe_test_isntance,experiment1,1700834845,rohe_test_stage,sdn,287,19,19.5,18586,19362.0,0.0996445896415326,0.087956698240866,0.137024162609656,0.11594912937081686,1,1
277,277,5733,4,2,2,00:00:00:00:00:07,687,649224,aaltosea1,rohe_test_isntance,experiment1,1700834846,rohe_test_stage,sdn,288,21,19.7,20688,19534.8,0.1005338874976455,0.0888588182228236,0.14800226596787625,0.10767675219012651,1,1
278,278,5734,4,2,2,00:00:00:00:00:07,689,651326,aaltosea1,rohe_test_isntance,experiment1,1700834847,rohe_test_stage,sdn,289,19,19.4,19508,19412.6,0.0999049974628249,0.0875056382498872,0.1461993268801688,0.11038484668482573,1,1
279,279,5735,4,2,2,00:00:00:00:00:07,691,653428,aaltosea1,rohe_test_isntance,experiment1,1700834848,rohe_test_stage,sdn,290,19,18.9,19508,19080.2,0.098194334225719,0.0852503382949932,0.11797030528059066,0.09877112927522885,1,1
280,280,5736,4,2,2,00:00:00:00:00:07,694,656120,aaltosea1,rohe_test_isntance,experiment1,1700834849,rohe_test_stage,sdn,291,20,18.9,20098,19080.2,0.098194334225719,0.0852503382949932,0.11808035166854619,0.10454538562662541,1,1
281,281,5737,4,2,2,00:00:00:00:00:07,694,656120,aaltosea1,rohe_test_isntance,experiment1,1700834850,rohe_test_stage,sdn,292,18,18.8,17996,18929.0,0.0974161986016202,0.0847992783040144,0.09380138387600173,0.09238692203266857,1,1
282,282,5738,4,2,2,00:00:00:00:00:07,696,658222,aaltosea1,rohe_test_isntance,experiment1,1700834851,rohe_test_stage,sdn,293,18,18.7,17996,18777.8,0.0966380629775215,0.0843482183130356,0.07676933936043517,0.06641892975957758,1,1
283,283,5739,4,2,2,00:00:00:00:00:07,699,660914,aaltosea1,rohe_test_isntance,experiment1,1700834852,rohe_test_stage,sdn,294,20,18.9,20098,18988.0,0.0977198361798069,0.0852503382949932,0.10254786065725202,0.09651043654655661,1,1
284,284,5740,4,2,2,00:00:00:00:00:07,701,663016,aaltosea1,rohe_test_isntance,experiment1,1700834853,rohe_test_stage,sdn,295,21,19.3,20688,19316.2,0.0994088845384657,0.0870545782589084,0.13086816473889368,0.12166401474296912,1,1
285,285,5741,4,2,2,00:00:00:00:00:07,703,665118,aaltosea1,rohe_test_isntance,experiment1,1700834854,rohe_test_stage,sdn,296,20,19.5,20098,19526.4,0.1004906577407511,0.087956698240866,0.14983131119791449,0.12556865385437938,1,1
286,286,5742,4,2,2,00:00:00:00:00:07,704,666630,aaltosea1,rohe_test_isntance,experiment1,1700834855,rohe_test_stage,sdn,297,19,19.5,19508,19618.6,0.1009651557866632,0.087956698240866,0.13500013345021145,0.1198809252864324,1,1
287,287,5743,4,2,2,00:00:00:00:00:07,706,668732,aaltosea1,rohe_test_isntance,experiment1,1700834856,rohe_test_stage,sdn,298,19,19.3,19508,19500.6,0.1003578806302898,0.0870545782589084,0.14992687383175196,0.12522916005673979,1,1
288,288,5744,4,2,2,00:00:00:00:00:07,708,670834,aaltosea1,rohe_test_isntance,experiment1,1700834857,rohe_test_stage,sdn,299,19,19.3,19508,19500.6,0.1003578806302898,0.0870545782589084,0.14664482602698825,0.12323743636983919,1,1
289,289,5745,4,2,2,00:00:00:00:00:07,710,672936,aaltosea1,rohe_test_isntance,experiment1,1700834858,rohe_test_stage,sdn,300,19,19.3,19508,19500.6,0.1003578806302898,0.0870545782589084,0.14366751089290225,0.12298673601153015,1,1
290,290,5746,4,2,2,00:00:00:00:00:07,712,675038,aaltosea1,rohe_test_isntance,experiment1,1700834859,rohe_test_stage,sdn,301,18,19.1,18918,19382.6,0.0997506054739165,0.0861524582769508,0.12417997487804494,0.09686536616062641,1,1
291,291,5747,4,2,2,00:00:00:00:00:07,716,678320,aaltosea1,rohe_test_isntance,experiment1,1700834860,rohe_test_stage,sdn,302,22,19.5,22200,19803.0,0.1019141518784873,0.087956698240866,0.1211525067855711,0.12015826928897227,1,1
292,292,5748,4,2,2,00:00:00:00:00:07,716,678320,aaltosea1,rohe_test_isntance,experiment1,1700834861,rohe_test_stage,sdn,303,20,19.7,20098,20013.2,0.1029959250807727,0.0888588182228236,0.1089835785798573,0.09982646672362988,1,1
293,293,5749,4,2,2,00:00:00:00:00:07,718,680422,aaltosea1,rohe_test_isntance,experiment1,1700834862,rohe_test_stage,sdn,304,19,19.6,19508,19954.2,0.102692287502586,0.0884077582318448,0.11732760571436496,0.10576959645630546,1,1
294,294,5750,4,2,2,00:00:00:00:00:07,721,683114,aaltosea1,rohe_test_isntance,experiment1,1700834863,rohe_test_stage,sdn,305,20,19.5,20098,19895.2,0.1023886499243993,0.087956698240866,0.1196109942673188,0.11977034717234802,1,1
295,295,5751,4,2,2,00:00:00:00:00:07,723,685216,aaltosea1,rohe_test_isntance,experiment1,1700834864,rohe_test_stage,sdn,306,20,19.5,20098,19895.2,0.1023886499243993,0.087956698240866,0.12256049220767634,0.11437263790232588,1,1
296,296,5752,4,2,2,00:00:00:00:00:07,725,687318,aaltosea1,rohe_test_isntance,experiment1,1700834865,rohe_test_stage,sdn,307,21,19.7,20688,20013.2,0.1029959250807727,0.0888588182228236,0.1085643793825179,0.0915287747263242,1,1
297,297,5753,4,2,2,00:00:00:00:00:07,726,688830,aaltosea1,rohe_test_isntance,experiment1,1700834866,rohe_test_stage,sdn,308,20,19.8,20098,20072.2,0.1032995626589594,0.0893098782138024,0.09258653989765103,0.07968466174895406,1,1
298,298,5754,4,2,2,00:00:00:00:00:07,728,689462,aaltosea1,rohe_test_isntance,experiment1,1700834867,rohe_test_stage,sdn,309,20,19.9,18628,19984.2,0.1028466794914945,0.0897609382047812,0.1071316668273038,0.0661266944182271,1,1
299,299,5755,4,2,2,00:00:00:00:00:07,730,691564,aaltosea1,rohe_test_isntance,experiment1,1700834868,rohe_test_stage,sdn,310,20,20.0,18628,19896.2,0.1023937963240296,0.09021199819576,0.10657009226290731,0.04316196176635689,1,1
300,300,5756,4,2,2,00:00:00:00:00:07,731,693076,aaltosea1,rohe_test_isntance,experiment1,1700834869,rohe_test_stage,sdn,311,19,20.1,18038,19808.2,0.1019409131565648,0.0906630581867388,0.09632640638145895,0.02267851061553694,1,1
301,301,5757,4,2,2,00:00:00:00:00:07,732,694588,aaltosea1,rohe_test_isntance,experiment1,1700834870,rohe_test_stage,sdn,312,16,19.5,16268,19215.0,0.0988880688958811,0.087956698240866,0.06957968088957278,0.07070386271279488,1,1
302,302,5758,4,2,2,00:00:00:00:00:07,733,696100,aaltosea1,rohe_test_isntance,experiment1,1700834871,rohe_test_stage,sdn,313,17,19.2,17780,18983.2,0.0976951334615816,0.0866035182679296,0.06853781345630494,0.06655931212026628,1,1
303,303,5759,4,2,2,00:00:00:00:00:07,736,698792,aaltosea1,rohe_test_isntance,experiment1,1700834872,rohe_test_stage,sdn,314,18,19.1,18370,18869.4,0.0971094731836554,0.0861524582769508,0.05506284686962837,0.060655627765825115,1,1
304,304,5760,4,2,2,00:00:00:00:00:07,737,700304,aaltosea1,rohe_test_isntance,experiment1,1700834873,rohe_test_stage,sdn,315,16,18.7,17190,18578.6,0.0956129001711692,0.0843482183130356,0.028558748029603342,0.04900006808919277,1,1
305,305,5761,4,2,2,00:00:00:00:00:07,741,702664,aaltosea1,rohe_test_isntance,experiment1,1700834874,rohe_test_stage,sdn,316,18,18.5,17448,18313.6,0.0942491042691443,0.083446098331078,0.03335706632833135,0.02760405538674071,1,1
306,306,5762,4,2,2,00:00:00:00:00:07,743,704766,aaltosea1,rohe_test_isntance,experiment1,1700834875,rohe_test_stage,sdn,317,18,18.2,17448,17989.6,0.0925816707889327,0.0820929183581416,0.011519348237880811,0.0018113927798020235,1,1
307,307,5763,4,2,2,00:00:00:00:00:07,746,706910,aaltosea1,rohe_test_isntance,experiment1,1700834876,rohe_test_stage,sdn,318,20,18.2,18080,17787.8,0.0915431273435417,0.0820929183581416,-0.029252288704199936,0.0011719642781319317,-1,1
308,308,5764,4,2,2,00:00:00:00:00:07,749,709602,aaltosea1,rohe_test_isntance,experiment1,1700834877,rohe_test_stage,sdn,319,21,18.3,20140,17939.0,0.0923212629676404,0.0825439783491204,0.00013495249190287328,0.0050025284408018456,1,1
309,309,5765,4,2,2,00:00:00:00:00:07,751,711704,aaltosea1,rohe_test_isntance,experiment1,1700834878,rohe_test_stage,sdn,320,21,18.4,20140,18090.2,0.0930993985917392,0.0829950383400992,-0.0035766518161229888,-0.00031241733995857057,-1,-1
310,310,5766,4,2,2,00:00:00:00:00:07,753,713806,aaltosea1,rohe_test_isntance,experiment1,1700834879,rohe_test_stage,sdn,321,22,18.7,20730,18359.4,0.0944848093722112,0.0843482183130356,-0.0025640973461555916,1.6443017892608935e-05,-1,1
