,index,Unnamed: 0,switch,in_port,eth_dst,packet_count,byte_count,userID,instanceID,runID,timestamp,stageID,appName,runtime,packet_count_shifted,packet_count_Average,byte_count_shifted,byte_count_Average,byte_count_Average_norm,packet_count_Average_norm
0,6385,4,2,3,00:00:00:00:00:05,6427,9712292,aaltosea1,rohe_test_isntance,experiment1,1700834547,rohe_test_stage,sdn,10,6313,3959.2,9540846,5982687.6,0.2836169944930799,0.2836609104266989
1,6386,4,2,3,00:00:00:00:00:05,6427,9712292,aaltosea1,rohe_test_isntance,experiment1,1700834548,rohe_test_stage,sdn,11,6313,4579.1,9540846,6919627.6,0.3287131068158316,0.3287530733084074
2,6387,4,2,3,00:00:00:00:00:05,6427,9712292,aaltosea1,rohe_test_isntance,experiment1,1700834549,rohe_test_stage,sdn,12,6313,5199.0,9540846,7856567.6,0.3738092191385833,0.37384523619011595
3,6388,4,2,3,00:00:00:00:00:05,6427,9712292,aaltosea1,rohe_test_isntance,experiment1,1700834550,rohe_test_stage,sdn,13,6128,5781.9,9261126,8737563.6,0.4162126756799786,0.4162459810582364
4,6389,4,2,3,00:00:00:00:00:05,6427,9712292,aaltosea1,rohe_test_isntance,experiment1,1700834551,rohe_test_stage,sdn,14,4218,5982.8,6374676,9041269.6,0.4308304312343296,0.4308596534617455
5,6390,4,2,3,00:00:00:00:00:05,6427,9712292,aaltosea1,rohe_test_isntance,experiment1,1700834553,rohe_test_stage,sdn,16,1592,5658.5,2407104,8551461.2,0.40725533077642695,0.4072697382777834
6,6391,4,2,3,00:00:00:00:00:05,6427,9712292,aaltosea1,rohe_test_isntance,experiment1,1700834554,rohe_test_stage,sdn,17,0,5015.8,0,7580232.0,0.3605088357027443,0.3605190799714855
7,6392,4,2,3,00:00:00:00:00:05,6427,9712292,aaltosea1,rohe_test_isntance,experiment1,1700834555,rohe_test_stage,sdn,18,0,4373.1,0,6609002.8,0.3137623406290616,0.3137684216651876
8,6393,4,2,3,00:00:00:00:00:05,6427,9712292,aaltosea1,rohe_test_isntance,experiment1,1700834556,rohe_test_stage,sdn,19,0,3730.4,0,5637773.6,0.26701584555537894,0.2670177633588897
9,6394,4,2,3,00:00:00:00:00:05,6427,9712292,aaltosea1,rohe_test_isntance,experiment1,1700834557,rohe_test_stage,sdn,20,0,3087.7,0,4666544.4,0.2202693504816963,0.22026710505259176
10,6395,6,2,3,00:00:00:00:00:05,6576,9937580,aaltosea1,rohe_test_isntance,experiment1,1700834558,rohe_test_stage,sdn,21,149,2471.3,225288,3734988.6,0.1754323865440794,0.1754295357667632
11,6396,6,2,3,00:00:00:00:00:05,6576,9937580,aaltosea1,rohe_test_isntance,experiment1,1700834559,rohe_test_stage,sdn,22,149,1854.9,225288,2803432.8,0.13059542260646248,0.1305919664809346
12,6397,6,2,3,00:00:00:00:00:05,6576,9937580,aaltosea1,rohe_test_isntance,experiment1,1700834560,rohe_test_stage,sdn,23,149,1238.5,225288,1871877.0,0.08575845866884559,0.085754397195106
13,6398,6,2,3,00:00:00:00:00:05,6576,9937580,aaltosea1,rohe_test_isntance,experiment1,1700834561,rohe_test_stage,sdn,24,149,640.6,225288,968293.2,0.042267822621906856,0.0422625369160714
14,6399,6,2,3,00:00:00:00:00:05,6576,9937580,aaltosea1,rohe_test_isntance,experiment1,1700834562,rohe_test_stage,sdn,25,149,233.7,225288,353354.4,0.012670037068490287,0.012664212869342566
15,6400,6,2,3,00:00:00:00:00:05,6576,9937580,aaltosea1,rohe_test_isntance,experiment1,1700834563,rohe_test_stage,sdn,26,149,89.4,225288,135172.8,0.0021686795212005196,0.0021676826163492735
16,6401,6,2,3,00:00:00:00:00:05,6576,9937580,aaltosea1,rohe_test_isntance,experiment1,1700834564,rohe_test_stage,sdn,27,149,104.3,225288,157701.6,0.0032530192818007804,0.0032515239245239098
17,6402,6,2,3,00:00:00:00:00:05,6576,9937580,aaltosea1,rohe_test_isntance,experiment1,1700834565,rohe_test_stage,sdn,28,149,119.2,225288,180230.4,0.00433735904240104,0.004335365232698547
18,6403,6,2,3,00:00:00:00:00:05,6576,9937580,aaltosea1,rohe_test_isntance,experiment1,1700834566,rohe_test_stage,sdn,29,149,134.1,225288,202759.2,0.005421698803001301,0.005419206540873183
19,6404,6,2,3,00:00:00:00:00:05,6576,9937580,aaltosea1,rohe_test_isntance,experiment1,1700834567,rohe_test_stage,sdn,30,149,149.0,225288,225288.0,0.00650603856360156,0.00650304784904782
20,6405,6,2,3,00:00:00:00:00:05,6576,9937580,aaltosea1,rohe_test_isntance,experiment1,1700834568,rohe_test_stage,sdn,31,0,134.1,0,202759.2,0.005421698803001301,0.005419206540873183
21,6406,6,2,3,00:00:00:00:00:05,6576,9937580,aaltosea1,rohe_test_isntance,experiment1,1700834569,rohe_test_stage,sdn,32,0,119.2,0,180230.4,0.00433735904240104,0.004335365232698547
22,6407,6,2,3,00:00:00:00:00:05,6576,9937580,aaltosea1,rohe_test_isntance,experiment1,1700834570,rohe_test_stage,sdn,33,0,104.3,0,157701.6,0.0032530192818007804,0.0032515239245239098
23,6408,6,2,3,00:00:00:00:00:05,6576,9937580,aaltosea1,rohe_test_isntance,experiment1,1700834571,rohe_test_stage,sdn,34,0,89.4,0,135172.8,0.0021686795212005196,0.0021676826163492735
24,6409,6,2,3,00:00:00:00:00:05,6576,9937580,aaltosea1,rohe_test_isntance,experiment1,1700834572,rohe_test_stage,sdn,35,0,74.5,0,112644.0,0.0010843397606002602,0.0010838413081746365
25,6410,6,2,3,00:00:00:00:00:05,6576,9937580,aaltosea1,rohe_test_isntance,experiment1,1700834573,rohe_test_stage,sdn,36,0,59.6,0,90115.2,0.0,0.0
26,6411,6,2,3,00:00:00:00:00:05,6726,10164380,aaltosea1,rohe_test_isntance,experiment1,1700834574,rohe_test_stage,sdn,37,150,59.7,226800,90266.4,7.277448057719726e-06,7.274102739427195e-06
27,6412,6,2,3,00:00:00:00:00:05,6726,10164380,aaltosea1,rohe_test_isntance,experiment1,1700834575,rohe_test_stage,sdn,38,150,59.8,226800,90417.6,1.4554896115440153e-05,1.4548205478853874e-05
28,6413,6,2,3,00:00:00:00:00:05,6726,10164380,aaltosea1,rohe_test_isntance,experiment1,1700834576,rohe_test_stage,sdn,39,150,59.9,226800,90568.8,2.183234417315988e-05,2.182230821828107e-05
29,6414,6,2,3,00:00:00:00:00:05,6726,10164380,aaltosea1,rohe_test_isntance,experiment1,1700834577,rohe_test_stage,sdn,40,150,60.0,226800,90720.0,2.9109792230879604e-05,2.9096410957708263e-05
30,6415,6,2,3,00:00:00:00:00:05,6726,10164380,aaltosea1,rohe_test_isntance,experiment1,1700834578,rohe_test_stage,sdn,41,150,75.0,226800,113400.0,0.0011207270008888595,0.001120211821871772
31,6416,6,2,3,00:00:00:00:00:05,6726,10164380,aaltosea1,rohe_test_isntance,experiment1,1700834579,rohe_test_stage,sdn,42,150,90.0,226800,136080.0,0.0022123442095468393,0.0022113272327858357
32,6417,6,2,3,00:00:00:00:00:05,6726,10164380,aaltosea1,rohe_test_isntance,experiment1,1700834580,rohe_test_stage,sdn,43,150,105.0,226800,158760.0,0.0033039614182048195,0.0033024426436998994
33,6418,6,2,3,00:00:00:00:00:05,6726,10164380,aaltosea1,rohe_test_isntance,experiment1,1700834581,rohe_test_stage,sdn,44,150,120.0,226800,181440.0,0.004395578626862799,0.004393558054613963
34,6419,6,2,3,00:00:00:00:00:05,6726,10164380,aaltosea1,rohe_test_isntance,experiment1,1700834582,rohe_test_stage,sdn,45,150,135.0,226800,204120.0,0.0054871958355207796,0.005484673465528027
35,6420,6,2,3,00:00:00:00:00:05,6726,10164380,aaltosea1,rohe_test_isntance,experiment1,1700834583,rohe_test_stage,sdn,46,150,150.0,226800,226800.0,0.006578813044178758,0.006575788876442092
36,6421,6,2,3,00:00:00:00:00:05,6726,10164380,aaltosea1,rohe_test_isntance,experiment1,1700834584,rohe_test_stage,sdn,47,0,135.0,0,204120.0,0.0054871958355207796,0.005484673465528027
37,6422,6,2,3,00:00:00:00:00:05,6726,10164380,aaltosea1,rohe_test_isntance,experiment1,1700834585,rohe_test_stage,sdn,48,0,120.0,0,181440.0,0.004395578626862799,0.004393558054613963
38,6423,6,2,3,00:00:00:00:00:05,6726,10164380,aaltosea1,rohe_test_isntance,experiment1,1700834586,rohe_test_stage,sdn,49,0,105.0,0,158760.0,0.0033039614182048195,0.0033024426436998994
39,6424,6,2,3,00:00:00:00:00:05,6726,10164380,aaltosea1,rohe_test_isntance,experiment1,1700834587,rohe_test_stage,sdn,50,0,90.0,0,136080.0,0.0022123442095468393,0.0022113272327858357
40,6425,6,2,3,00:00:00:00:00:05,6913,10447124,aaltosea1,rohe_test_isntance,experiment1,1700834588,rohe_test_stage,sdn,51,187,93.7,282744,141674.4,0.002481609787682474,0.0024804690341446384
41,6426,6,2,3,00:00:00:00:00:05,6913,10447124,aaltosea1,rohe_test_isntance,experiment1,1700834589,rohe_test_stage,sdn,52,187,97.4,282744,147268.8,0.002750875365818109,0.002749610835503441
42,6427,6,2,3,00:00:00:00:00:05,6913,10447124,aaltosea1,rohe_test_isntance,experiment1,1700834590,rohe_test_stage,sdn,53,187,101.1,282744,152863.2,0.003020140943953745,0.0030187526368622426
43,6428,6,2,3,00:00:00:00:00:05,6913,10447124,aaltosea1,rohe_test_isntance,experiment1,1700834591,rohe_test_stage,sdn,54,187,104.8,282744,158457.6,0.00328940652208938,0.0032878944382210454
44,6429,6,2,3,00:00:00:00:00:05,6913,10447124,aaltosea1,rohe_test_isntance,experiment1,1700834592,rohe_test_stage,sdn,55,187,108.5,282744,164052.0,0.0035586721002250146,0.0035570362395798477
45,6430,6,2,3,00:00:00:00:00:05,6913,10447124,aaltosea1,rohe_test_isntance,experiment1,1700834593,rohe_test_stage,sdn,56,187,112.2,282744,169646.4,0.0038279376783606493,0.0038261780409386504
46,6431,6,2,3,00:00:00:00:00:05,6913,10447124,aaltosea1,rohe_test_isntance,experiment1,1700834594,rohe_test_stage,sdn,57,187,130.9,282744,197920.8,0.005188820465154264,0.005186435253211517
47,6432,6,2,3,00:00:00:00:00:05,6913,10447124,aaltosea1,rohe_test_isntance,experiment1,1700834595,rohe_test_stage,sdn,58,187,149.6,282744,226195.2,0.00654970325194788,0.006546692465484383
48,6433,6,2,3,00:00:00:00:00:05,6913,10447124,aaltosea1,rohe_test_isntance,experiment1,1700834596,rohe_test_stage,sdn,59,187,168.3,282744,254469.6,0.007910586038741495,0.00790694967775725
49,6434,6,2,3,00:00:00:00:00:05,6913,10447124,aaltosea1,rohe_test_isntance,experiment1,1700834597,rohe_test_stage,sdn,60,187,187.0,282744,282744.0,0.009271468825535109,0.009267206890030116
50,6435,6,2,3,00:00:00:00:00:05,6913,10447124,aaltosea1,rohe_test_isntance,experiment1,1700834598,rohe_test_stage,sdn,61,0,168.3,0,254469.6,0.007910586038741495,0.00790694967775725
51,6436,6,2,3,00:00:00:00:00:05,6913,10447124,aaltosea1,rohe_test_isntance,experiment1,1700834599,rohe_test_stage,sdn,62,0,149.6,0,226195.2,0.00654970325194788,0.006546692465484383
52,6437,6,2,3,00:00:00:00:00:05,6913,10447124,aaltosea1,rohe_test_isntance,experiment1,1700834600,rohe_test_stage,sdn,63,0,130.9,0,197920.8,0.005188820465154264,0.005186435253211517
53,6438,6,2,3,00:00:00:00:00:05,7084,10705676,aaltosea1,rohe_test_isntance,experiment1,1700834601,rohe_test_stage,sdn,64,171,129.3,258552,195501.6,0.005072381296230747,0.005070049609380684
54,6439,6,2,3,00:00:00:00:00:05,7084,10705676,aaltosea1,rohe_test_isntance,experiment1,1700834602,rohe_test_stage,sdn,65,171,127.7,258552,193082.4,0.004955942127307229,0.004953663965549849
55,6440,6,2,3,00:00:00:00:00:05,7084,10705676,aaltosea1,rohe_test_isntance,experiment1,1700834603,rohe_test_stage,sdn,66,171,126.1,258552,190663.2,0.004839502958383712,0.004837278321719016
56,6441,6,2,3,00:00:00:00:00:05,7084,10705676,aaltosea1,rohe_test_isntance,experiment1,1700834604,rohe_test_stage,sdn,67,171,124.5,258552,188244.0,0.004723063789460193,0.004720892677888183
57,6442,6,2,3,00:00:00:00:00:05,7084,10705676,aaltosea1,rohe_test_isntance,experiment1,1700834605,rohe_test_stage,sdn,68,171,122.9,258552,185824.8,0.004606624620536675,0.00460450703405735
58,6443,6,2,3,00:00:00:00:00:05,7084,10705676,aaltosea1,rohe_test_isntance,experiment1,1700834606,rohe_test_stage,sdn,69,171,121.3,258552,183405.6,0.004490185451613158,0.0044881213902265155
59,6444,6,2,3,00:00:00:00:00:05,7084,10705676,aaltosea1,rohe_test_isntance,experiment1,1700834607,rohe_test_stage,sdn,70,171,119.7,258552,180986.4,0.0043737462826896395,0.004371735746395682
60,6445,6,2,3,00:00:00:00:00:05,7084,10705676,aaltosea1,rohe_test_isntance,experiment1,1700834608,rohe_test_stage,sdn,71,171,136.8,258552,206841.6,0.005618189900559737,0.0056156073148377166
61,6446,6,2,3,00:00:00:00:00:05,7084,10705676,aaltosea1,rohe_test_isntance,experiment1,1700834609,rohe_test_stage,sdn,72,171,153.9,258552,232696.8,0.006862633518429833,0.006859478883279748
62,6447,6,2,3,00:00:00:00:00:05,7084,10705676,aaltosea1,rohe_test_isntance,experiment1,1700834610,rohe_test_stage,sdn,73,171,171.0,258552,258552.0,0.00810707713629993,0.00810335045172178
63,6448,6,2,3,00:00:00:00:00:05,7262,10974812,aaltosea1,rohe_test_isntance,experiment1,1700834611,rohe_test_stage,sdn,74,178,171.7,269136,259610.4,0.008158019272703971,0.00815426917089777
64,6449,6,2,3,00:00:00:00:00:05,7262,10974812,aaltosea1,rohe_test_isntance,experiment1,1700834612,rohe_test_stage,sdn,75,178,172.4,269136,260668.8,0.008208961409108009,0.00820518789007376
65,6450,6,2,3,00:00:00:00:00:05,7262,10974812,aaltosea1,rohe_test_isntance,experiment1,1700834613,rohe_test_stage,sdn,76,178,173.1,269136,261727.2,0.008259903545512048,0.008256106609249749
66,6451,6,2,3,00:00:00:00:00:05,7262,10974812,aaltosea1,rohe_test_isntance,experiment1,1700834614,rohe_test_stage,sdn,77,178,173.8,269136,262785.6,0.008310845681916085,0.00830702532842574
67,6452,6,2,3,00:00:00:00:00:05,7262,10974812,aaltosea1,rohe_test_isntance,experiment1,1700834615,rohe_test_stage,sdn,78,178,174.5,269136,263844.0,0.008361787818320126,0.008357944047601729
68,6453,6,2,3,00:00:00:00:00:05,7262,10974812,aaltosea1,rohe_test_isntance,experiment1,1700834616,rohe_test_stage,sdn,79,178,175.2,269136,264902.4,0.008412729954724165,0.008408862766777717
69,6454,6,2,3,00:00:00:00:00:05,7262,10974812,aaltosea1,rohe_test_isntance,experiment1,1700834617,rohe_test_stage,sdn,80,178,175.9,269136,265960.8,0.008463672091128202,0.008459781485953709
70,6455,6,2,3,00:00:00:00:00:05,7262,10974812,aaltosea1,rohe_test_isntance,experiment1,1700834618,rohe_test_stage,sdn,81,178,176.6,269136,267019.2,0.008514614227532243,0.008510700205129697
71,6456,6,2,3,00:00:00:00:00:05,7262,10974812,aaltosea1,rohe_test_isntance,experiment1,1700834619,rohe_test_stage,sdn,82,178,177.3,269136,268077.6,0.00856555636393628,0.008561618924305688
72,6457,6,2,3,00:00:00:00:00:05,7262,10974812,aaltosea1,rohe_test_isntance,experiment1,1700834620,rohe_test_stage,sdn,83,178,178.0,269136,269136.0,0.008616498500340321,0.008612537643481678
73,6458,6,2,3,00:00:00:00:00:05,7262,10974812,aaltosea1,rohe_test_isntance,experiment1,1700834621,rohe_test_stage,sdn,84,0,160.2,0,242222.4,0.007321112746066186,0.007317747355863654
74,6459,7,2,3,00:00:00:00:00:05,13940,21066068,aaltosea1,rohe_test_isntance,experiment1,1700834622,rohe_test_stage,sdn,85,6678,810.2,10091256,1224434.4,0.05459622393435418,0.05459941516213975
75,6460,7,2,3,00:00:00:00:00:05,20419,30859376,aaltosea1,rohe_test_isntance,experiment1,1700834623,rohe_test_stage,sdn,86,13157,2108.1,19884564,3185977.2,0.14900777049516362,0.14900999461716397
76,6461,7,2,3,00:00:00:00:00:05,21284,32165786,aaltosea1,rohe_test_isntance,experiment1,1700834624,rohe_test_stage,sdn,87,14022,3492.5,21190974,5278161.0,0.24970723432917796,0.24971267294179264
77,6462,7,2,3,00:00:00:00:00:05,21440,32401658,aaltosea1,rohe_test_isntance,experiment1,1700834625,rohe_test_stage,sdn,88,14178,4892.5,21426846,7393932.0,0.3515419800601966,0.3515501112937719
78,6463,7,2,3,00:00:00:00:00:05,21579,32611826,aaltosea1,rohe_test_isntance,experiment1,1700834626,rohe_test_stage,sdn,89,14317,6306.4,21637014,9530719.8,0.4543882910712384,0.4543986499265315
79,6464,7,2,3,00:00:00:00:00:05,21726,32834090,aaltosea1,rohe_test_isntance,experiment1,1700834627,rohe_test_stage,sdn,90,14464,7735.0,21859278,11689734.0,0.5583043869467649,0.558316481661987
80,6465,7,2,3,00:00:00:00:00:05,21889,33080546,aaltosea1,rohe_test_isntance,experiment1,1700834628,rohe_test_stage,sdn,91,14627,9179.9,22105734,13873393.8,0.6634067068556998,0.663419992143969
81,6466,7,2,3,00:00:00:00:00:05,22037,33304322,aaltosea1,rohe_test_isntance,experiment1,1700834629,rohe_test_stage,sdn,92,14775,10639.6,22329510,16079431.2,0.7695860890771771,0.7696000698313863
82,6467,7,2,3,00:00:00:00:00:05,22191,33537170,aaltosea1,rohe_test_isntance,experiment1,1700834630,rohe_test_stage,sdn,93,14929,12114.7,22562358,18308753.4,0.8768861982995433,0.8769003593406753
83,6468,7,2,3,00:00:00:00:00:05,22336,33756410,aaltosea1,rohe_test_isntance,experiment1,1700834631,rohe_test_stage,sdn,94,15074,13622.1,22781598,20586913.2,0.9865369232445531,0.9865501840347993
84,6469,7,2,3,00:00:00:00:00:05,22467,33954482,aaltosea1,rohe_test_isntance,experiment1,1700834632,rohe_test_stage,sdn,95,8527,13807.0,12888414,20866629.0,1.0,1.0
85,6470,7,2,3,00:00:00:00:00:05,22607,34166162,aaltosea1,rohe_test_isntance,experiment1,1700834633,rohe_test_stage,sdn,96,2188,12710.1,3306786,19208851.2,0.9202090487384846,0.9202103670512243
86,6471,7,2,3,00:00:00:00:00:05,22746,34376330,aaltosea1,rohe_test_isntance,experiment1,1700834634,rohe_test_stage,sdn,97,1462,11454.1,2210544,17310808.2,0.8288538282105826,0.82884763664402
87,6472,7,2,3,00:00:00:00:00:05,22886,34588010,aaltosea1,rohe_test_isntance,experiment1,1700834635,rohe_test_stage,sdn,98,1446,10180.9,2186352,15386758.8,0.7362468866167529,0.7362337605656342
88,6473,7,2,3,00:00:00:00:00:05,23033,34810274,aaltosea1,rohe_test_isntance,experiment1,1700834636,rohe_test_stage,sdn,99,1454,8894.6,2198448,13442902.2,0.6426865993273616,0.6426669770283836
89,6474,7,2,3,00:00:00:00:00:05,23187,35043122,aaltosea1,rohe_test_isntance,experiment1,1700834637,rohe_test_stage,sdn,100,1461,7594.3,2209032,11477877.6,0.5481074693098897,0.5480818191076131
90,6475,7,2,3,00:00:00:00:00:05,23348,35286554,aaltosea1,rohe_test_isntance,experiment1,1700834638,rohe_test_stage,sdn,101,1459,6277.5,2206008,9487905.0,0.452327560362894,0.4522964342348371
91,6476,7,2,3,00:00:00:00:00:05,23476,35480090,aaltosea1,rohe_test_isntance,experiment1,1700834639,rohe_test_stage,sdn,102,1439,4943.9,2175768,7472530.8,0.3553250401422013,0.3552890001018374
92,6477,7,2,3,00:00:00:00:00:05,23561,35608610,aaltosea1,rohe_test_isntance,experiment1,1700834640,rohe_test_stage,sdn,103,1370,3588.0,2071440,5423439.0,0.25669964900463715,0.2566594410579455
93,6478,7,2,3,00:00:00:00:00:05,23675,35780978,aaltosea1,rohe_test_isntance,experiment1,1700834641,rohe_test_stage,sdn,104,1339,2214.5,2024568,3347736.0,0.15679342700891424,0.1567496399319144
94,6479,7,2,3,00:00:00:00:00:05,23678,35785514,aaltosea1,rohe_test_isntance,experiment1,1700834642,rohe_test_stage,sdn,105,1211,1482.9,1831032,2241997.8,0.10357284290880406,0.10353230429026582
95,6480,7,2,3,00:00:00:00:00:05,23782,35942762,aaltosea1,rohe_test_isntance,experiment1,1700834643,rohe_test_stage,sdn,106,1175,1381.6,1776600,2088979.2,0.09620786332305663,0.09616363821522615
96,6481,7,2,3,00:00:00:00:00:05,23938,36178634,aaltosea1,rohe_test_isntance,experiment1,1700834644,rohe_test_stage,sdn,107,1192,1354.6,1802304,2048155.2,0.09424295234747226,0.09419963047558085
97,6482,7,2,3,00:00:00:00:00:05,24005,36279938,aaltosea1,rohe_test_isntance,experiment1,1700834645,rohe_test_stage,sdn,108,1119,1321.9,1691928,1998712.8,0.09186322683259787,0.09182099887978819
98,6483,7,2,3,00:00:00:00:00:05,24178,36541514,aaltosea1,rohe_test_isntance,experiment1,1700834646,rohe_test_stage,sdn,109,1145,1291.0,1731240,1951992.0,0.08961449538276244,0.08957330113330522
99,6484,7,2,3,00:00:00:00:00:05,24287,36706322,aaltosea1,rohe_test_isntance,experiment1,1700834647,rohe_test_stage,sdn,110,1100,1254.9,1663200,1897408.8,0.08698733663392556,0.08694735004437204
100,6485,7,2,3,00:00:00:00:00:05,24385,36854498,aaltosea1,rohe_test_isntance,experiment1,1700834648,rohe_test_stage,sdn,111,1037,1212.7,1567944,1833602.4,0.08391625355356777,0.0838776786883338
101,6486,7,2,3,00:00:00:00:00:05,24524,37064666,aaltosea1,rohe_test_isntance,experiment1,1700834649,rohe_test_stage,sdn,112,1048,1173.6,1584576,1774483.2,0.08107077136299931,0.0810335045172178
102,6487,7,2,3,00:00:00:00:00:05,24605,37185668,aaltosea1,rohe_test_isntance,experiment1,1700834650,rohe_test_stage,sdn,113,1044,1141.0,1577058,1725045.0,0.07869124799945985,0.07866214702416457
103,6488,7,2,3,00:00:00:00:00:05,24772,37438172,aaltosea1,rohe_test_isntance,experiment1,1700834651,rohe_test_stage,sdn,114,1097,1116.8,1657194,1688307.6,0.07692303027276887,0.07690181416122321
104,6489,7,2,3,00:00:00:00:00:05,24907,37642292,aaltosea1,rohe_test_isntance,experiment1,1700834652,rohe_test_stage,sdn,115,1229,1118.6,1856778,1690882.2,0.07704694904108503,0.0770327480105329
105,6490,7,2,3,00:00:00:00:00:05,25016,37807100,aaltosea1,rohe_test_isntance,experiment1,1700834653,rohe_test_stage,sdn,116,1234,1124.5,1864338,1699656.0,0.07746924317976772,0.0774619200721591
106,6491,7,2,3,00:00:00:00:00:05,25138,37991564,aaltosea1,rohe_test_isntance,experiment1,1700834654,rohe_test_stage,sdn,117,1200,1125.3,1812930,1700718.6,0.07752038746750671,0.07752011289407452
107,6492,7,2,3,00:00:00:00:00:05,25274,38197196,aaltosea1,rohe_test_isntance,experiment1,1700834655,rohe_test_stage,sdn,118,1269,1140.3,1917258,1723251.6,0.0786049293794419,0.07861122830498858
108,6493,7,2,3,00:00:00:00:00:05,25400,38387708,aaltosea1,rohe_test_isntance,experiment1,1700834656,rohe_test_stage,sdn,119,1222,1148.0,1846194,1734747.0,0.07915821758316355,0.07917133421592447
109,6494,7,2,3,00:00:00:00:00:05,25552,38617532,aaltosea1,rohe_test_isntance,experiment1,1700834657,rohe_test_stage,sdn,120,1265,1164.5,1911210,1759548.0,0.08035192121596453,0.08037156116792994
110,6495,7,2,3,00:00:00:00:00:05,25676,38805020,aaltosea1,rohe_test_isntance,experiment1,1700834658,rohe_test_stage,sdn,121,1291,1189.9,1950522,1797805.8,0.0821933177259026,0.08221918326374443
111,6496,7,2,3,00:00:00:00:00:05,25794,38983436,aaltosea1,rohe_test_isntance,experiment1,1700834659,rohe_test_stage,sdn,122,1270,1212.1,1918770,1831225.2,0.08380183589799363,0.08383403407189724
112,6497,7,2,3,00:00:00:00:00:05,25861,39084740,aaltosea1,rohe_test_isntance,experiment1,1700834660,rohe_test_stage,sdn,123,1256,1233.3,1899072,1863426.6,0.08535173018295303,0.08537614385265578
113,6498,7,2,3,00:00:00:00:00:05,25978,39261644,aaltosea1,rohe_test_isntance,experiment1,1700834661,rohe_test_stage,sdn,124,1206,1244.2,1823472,1880054.4,0.08615204731796726,0.08616902105125333
114,6499,7,2,3,00:00:00:00:00:05,26146,39515660,aaltosea1,rohe_test_isntance,experiment1,1700834662,rohe_test_stage,sdn,125,1239,1245.2,1873368,1881713.4,0.08623189709526725,0.08624176207864762
115,6500,7,2,3,00:00:00:00:00:05,26271,39703190,aaltosea1,rohe_test_isntance,experiment1,1700834663,rohe_test_stage,sdn,126,1255,1247.3,1896090,1884888.6,0.08638472350447937,0.08639451823617557
116,6501,7,2,3,00:00:00:00:00:05,26426,39937550,aaltosea1,rohe_test_isntance,experiment1,1700834664,rohe_test_stage,sdn,127,1288,1256.1,1945986,1898194.2,0.08702513893355872,0.08703463927724515
117,6502,7,2,3,00:00:00:00:00:05,26565,40147718,aaltosea1,rohe_test_isntance,experiment1,1700834665,rohe_test_stage,sdn,128,1291,1258.3,1950522,1901520.6,0.08718524279082857,0.08719466953751255
118,6503,7,2,3,00:00:00:00:00:05,26727,40392662,aaltosea1,rohe_test_isntance,experiment1,1700834666,rohe_test_stage,sdn,129,1327,1268.8,2004954,1917396.6,0.08794937483688915,0.0879584503251524
119,6504,7,2,3,00:00:00:00:00:05,26866,40602830,aaltosea1,rohe_test_isntance,experiment1,1700834667,rohe_test_stage,sdn,130,1314,1273.7,1985298,1924805.4,0.08830596979171741,0.08831488135938433
120,6505,7,2,3,00:00:00:00:00:05,26997,40800902,aaltosea1,rohe_test_isntance,experiment1,1700834668,rohe_test_stage,sdn,131,1321,1276.7,1995882,1929341.4,0.088524293233449,0.08853310444156715
121,6506,7,2,3,00:00:00:00:00:05,27119,40985366,aaltosea1,rohe_test_isntance,experiment1,1700834669,rohe_test_stage,sdn,132,1325,1282.2,2001930,1937657.4,0.0889245528766236,0.08893318009223564
122,6507,7,2,3,00:00:00:00:00:05,27250,41183438,aaltosea1,rohe_test_isntance,experiment1,1700834670,rohe_test_stage,sdn,133,1389,1295.5,2098698,1957620.0,0.08988537817157756,0.08990063575657943
123,6508,7,2,3,00:00:00:00:00:05,27374,41370926,aaltosea1,rohe_test_isntance,experiment1,1700834671,rohe_test_stage,sdn,134,1396,1314.5,2109282,1986201.0,0.09126101800582155,0.09128271527707059
124,6509,7,2,3,00:00:00:00:00:05,27497,41556902,aaltosea1,rohe_test_isntance,experiment1,1700834672,rohe_test_stage,sdn,135,1351,1325.7,2041242,2002988.4,0.0920690168915634,0.09209741478388642
125,6510,7,2,3,00:00:00:00:00:05,27646,41782190,aaltosea1,rohe_test_isntance,experiment1,1700834673,rohe_test_stage,sdn,136,1375,1337.7,2079000,2021279.4,0.09294938595521256,0.09297030711261767
126,6511,7,2,3,00:00:00:00:00:05,27763,41959094,aaltosea1,rohe_test_isntance,experiment1,1700834674,rohe_test_stage,sdn,137,1337,1342.6,2021544,2028835.2,0.09331305620676361,0.0933267381468496
127,6512,7,2,3,00:00:00:00:00:05,27869,42119366,aaltosea1,rohe_test_isntance,experiment1,1700834675,rohe_test_stage,sdn,138,1304,1343.9,1971648,2030947.8,0.09341473832823677,0.09342130148246215
128,6513,7,2,3,00:00:00:00:00:05,28016,42341630,aaltosea1,rohe_test_isntance,experiment1,1700834676,rohe_test_stage,sdn,139,1289,1340.1,1948968,2025349.2,0.09314527059876619,0.09314488557836391
129,6514,7,2,3,00:00:00:00:00:05,28169,42572966,aaltosea1,rohe_test_isntance,experiment1,1700834677,rohe_test_stage,sdn,140,1303,1339.0,1970136,2023833.0,0.09307229396685406,0.09306487044823022
130,6515,7,2,3,00:00:00:00:00:05,28276,42734750,aaltosea1,rohe_test_isntance,experiment1,1700834678,rohe_test_stage,sdn,141,1279,1334.8,1933848,2017629.6,0.0927737164451526,0.09275935813317428
131,6516,7,2,3,00:00:00:00:00:05,28378,42888974,aaltosea1,rohe_test_isntance,experiment1,1700834679,rohe_test_stage,sdn,142,1259,1328.2,1903608,2007797.4,0.09230048017006587,0.0922792673523721
132,6517,7,2,3,00:00:00:00:00:05,28528,43115774,aaltosea1,rohe_test_isntance,experiment1,1700834680,rohe_test_stage,sdn,143,1278,1317.1,1932336,1991161.2,0.09149975873238175,0.09147184194829568
133,6518,7,2,3,00:00:00:00:00:05,28703,43380374,aaltosea1,rohe_test_isntance,experiment1,1700834681,rohe_test_stage,sdn,144,1329,1310.4,2009448,1981177.8,0.0910192450092373,0.09098447706475409
134,6519,7,2,3,00:00:00:00:00:05,28899,43676726,aaltosea1,rohe_test_isntance,experiment1,1700834682,rohe_test_stage,sdn,145,1402,1315.5,2119824,1989036.0,0.0913974701569038,0.09135545630446486
135,6520,7,2,3,00:00:00:00:00:05,29063,43924694,aaltosea1,rohe_test_isntance,experiment1,1700834683,rohe_test_stage,sdn,146,1417,1319.7,2142504,1995386.4,0.09170312297532802,0.09166096861952079
136,6521,7,2,3,00:00:00:00:00:05,29186,44110670,aaltosea1,rohe_test_isntance,experiment1,1700834684,rohe_test_stage,sdn,147,1423,1328.3,2151576,2008389.6,0.09232898350829195,0.09228654145511152
137,6522,7,2,3,00:00:00:00:00:05,29316,44307230,aaltosea1,rohe_test_isntance,experiment1,1700834685,rohe_test_stage,sdn,148,1447,1342.6,2187864,2030011.2,0.09336965858054588,0.0933267381468496
138,6523,7,2,3,00:00:00:00:00:05,29373,44393414,aaltosea1,rohe_test_isntance,experiment1,1700834686,rohe_test_stage,sdn,149,1357,1349.4,2051784,2040292.8,0.09386452504847084,0.09382137713313064
139,6524,7,2,3,00:00:00:00:00:05,29512,44603582,aaltosea1,rohe_test_isntance,experiment1,1700834687,rohe_test_stage,sdn,150,1343,1353.4,2030616,2046340.8,0.09415562297077963,0.09411234124270773
140,6525,7,2,3,00:00:00:00:00:05,29675,44848568,aaltosea1,rohe_test_isntance,experiment1,1700834688,rohe_test_stage,sdn,151,1399,1365.4,2113818,2064337.8,0.09502184144098323,0.09498523357143898
141,6526,7,2,3,00:00:00:00:00:05,29773,44996744,aaltosea1,rohe_test_isntance,experiment1,1700834689,rohe_test_stage,sdn,152,1395,1379.0,2107770,2084754.0,0.09600449908011036,0.09597451154400105
142,6527,7,2,3,00:00:00:00:00:05,29903,45193304,aaltosea1,rohe_test_isntance,experiment1,1700834690,rohe_test_stage,sdn,153,1375,1388.7,2077530,2099273.4,0.0967033362449864,0.09668009950972549
143,6528,7,2,3,00:00:00:00:00:05,30051,45417080,aaltosea1,rohe_test_isntance,experiment1,1700834691,rohe_test_stage,sdn,154,1348,1390.6,2036706,2101999.2,0.0968345324613603,0.0968183074617746
144,6529,7,2,3,00:00:00:00:00:05,30181,45613640,aaltosea1,rohe_test_isntance,experiment1,1700834692,rohe_test_stage,sdn,155,1282,1378.6,1936914,2083708.2,0.09595416339771112,0.09594541513304335
145,6530,7,2,3,00:00:00:00:00:05,30320,45823808,aaltosea1,rohe_test_isntance,experiment1,1700834693,rohe_test_stage,sdn,156,1257,1362.6,1899114,2059369.2,0.09478269641175316,0.09478155869473501
146,6531,7,2,3,00:00:00:00:00:05,30475,46058168,aaltosea1,rohe_test_isntance,experiment1,1700834694,rohe_test_stage,sdn,157,1289,1349.2,1947498,2038961.4,0.0938004430752959,0.09380682892765178
147,6532,7,2,3,00:00:00:00:00:05,30622,46280432,aaltosea1,rohe_test_isntance,experiment1,1700834695,rohe_test_stage,sdn,158,1306,1335.1,1973202,2017495.2,0.09276724760243463,0.09278118044139255
148,6533,7,2,3,00:00:00:00:00:05,30701,46399880,aaltosea1,rohe_test_isntance,experiment1,1700834696,rohe_test_stage,sdn,159,1328,1332.2,2006466,2012963.4,0.09254912631203796,0.09257023146194918
149,6534,7,2,3,00:00:00:00:00:05,30919,46729496,aaltosea1,rohe_test_isntance,experiment1,1700834697,rohe_test_stage,sdn,160,1407,1338.6,2125914,2022493.2,0.09300780769100926,0.0930357740372725
150,6535,7,2,3,00:00:00:00:00:05,31050,46927568,aaltosea1,rohe_test_isntance,experiment1,1700834698,rohe_test_stage,sdn,161,1375,1336.2,2079000,2019011.4,0.09284022423434676,0.09286119557152626
151,6536,7,2,3,00:00:00:00:00:05,31174,47115056,aaltosea1,rohe_test_isntance,experiment1,1700834699,rohe_test_stage,sdn,162,1401,1336.8,2118312,2020065.6,0.09289096421941587,0.09290484018796281
152,6537,7,2,3,00:00:00:00:00:05,31321,47337320,aaltosea1,rohe_test_isntance,experiment1,1700834700,rohe_test_stage,sdn,163,1418,1341.1,2144016,2026714.2,0.0932109697826206,0.09321762660575818
153,6538,7,2,3,00:00:00:00:00:05,31468,47559584,aaltosea1,rohe_test_isntance,experiment1,1700834701,rohe_test_stage,sdn,164,1417,1348.0,2142504,2037294.0,0.09372018899532605,0.09371953969477866
154,6539,7,2,3,00:00:00:00:00:05,31600,47759168,aaltosea1,rohe_test_isntance,experiment1,1700834702,rohe_test_stage,sdn,165,1419,1361.7,2145528,2058155.4,0.09472427467595645,0.09471609177008017
155,6540,7,2,3,00:00:00:00:00:05,31731,47957240,aaltosea1,rohe_test_isntance,experiment1,1700834703,rohe_test_stage,sdn,166,1411,1377.1,2133432,2081587.2,0.09585207697356811,0.09583630359195193
156,6541,7,2,3,00:00:00:00:00:05,31893,48200714,aaltosea1,rohe_test_isntance,experiment1,1700834704,rohe_test_stage,sdn,167,1418,1390.0,2142546,2101092.0,0.09679086777301397,0.09677466284533803
157,6542,7,2,3,00:00:00:00:00:05,32047,48433562,aaltosea1,rohe_test_isntance,experiment1,1700834705,rohe_test_stage,sdn,168,1425,1401.9,2153130,2119084.8,0.09765688409188263,0.09764028107132987
158,6543,7,2,3,00:00:00:00:00:05,32194,48655826,aaltosea1,rohe_test_isntance,experiment1,1700834706,rohe_test_stage,sdn,169,1493,1418.4,2255946,2144032.8,0.0988576630214064,0.09884050802333534
159,6544,7,2,3,00:00:00:00:00:05,32220,48695138,aaltosea1,rohe_test_isntance,experiment1,1700834707,rohe_test_stage,sdn,170,1301,1407.8,1965642,2128005.6,0.09808625352728811,0.09806945313295605
160,6545,7,2,3,00:00:00:00:00:05,32343,48881114,aaltosea1,rohe_test_isntance,experiment1,1700834708,rohe_test_stage,sdn,171,1293,1399.6,1953546,2115460.2,0.0974824274898323,0.09747297670832303
161,6546,7,2,3,00:00:00:00:00:05,32416,48991490,aaltosea1,rohe_test_isntance,experiment1,1700834709,rohe_test_stage,sdn,172,1242,1383.7,1876434,2091272.4,0.09631823795193205,0.09631639437275413
162,6547,7,2,3,00:00:00:00:00:05,32565,49216778,aaltosea1,rohe_test_isntance,experiment1,1700834710,rohe_test_stage,sdn,173,1244,1366.3,1879458,2064816.6,0.09504488669316602,0.0950507004960938
163,6548,7,2,3,00:00:00:00:00:05,32694,49411826,aaltosea1,rohe_test_isntance,experiment1,1700834711,rohe_test_stage,sdn,174,1226,1347.2,1852242,2035790.4,0.09364781881741872,0.09366134687286325
164,6549,7,2,3,00:00:00:00:00:05,32823,49606874,aaltosea1,rohe_test_isntance,experiment1,1700834712,rohe_test_stage,sdn,175,1223,1327.6,1847706,2006008.2,0.09221436370138285,0.09223562273593552
165,6550,7,2,3,00:00:00:00:00:05,32962,49817042,aaltosea1,rohe_test_isntance,experiment1,1700834713,rohe_test_stage,sdn,176,1231,1309.6,1859802,1978645.2,0.0908973477542705,0.09092628424283865
166,6551,7,2,3,00:00:00:00:00:05,33099,50024186,aaltosea1,rohe_test_isntance,experiment1,1700834714,rohe_test_stage,sdn,177,1206,1288.4,1823472,1946737.8,0.08936160406275667,0.08938417446208012
167,6552,7,2,3,00:00:00:00:00:05,33232,50225282,aaltosea1,rohe_test_isntance,experiment1,1700834715,rohe_test_stage,sdn,178,1185,1264.4,1791720,1910596.8,0.08762209182562669,0.08763838980461762
168,6553,7,2,3,00:00:00:00:00:05,33362,50421842,aaltosea1,rohe_test_isntance,experiment1,1700834716,rohe_test_stage,sdn,179,1168,1231.9,1766016,1861603.8,0.08526399650359051,0.08527430641430381
169,6554,7,2,3,00:00:00:00:00:05,33508,50642594,aaltosea1,rohe_test_isntance,experiment1,1700834717,rohe_test_stage,sdn,180,1288,1230.6,1947456,1859785.2,0.08517646497556293,0.08517974307869125
170,6555,7,2,3,00:00:00:00:00:05,33670,50887538,aaltosea1,rohe_test_isntance,experiment1,1700834718,rohe_test_stage,sdn,181,1327,1234.0,2006424,1865073.0,0.08543097350624819,0.08542706257183177
171,6556,7,2,3,00:00:00:00:00:05,33807,51094682,aaltosea1,rohe_test_isntance,experiment1,1700834719,rohe_test_stage,sdn,182,1391,1248.9,2103192,1887748.8,0.08652238856357124,0.08651090388000642
172,6557,7,2,3,00:00:00:00:00:05,33946,51304850,aaltosea1,rohe_test_isntance,experiment1,1700834720,rohe_test_stage,sdn,183,1381,1262.6,2088072,1908610.2,0.08752647424420164,0.08750745595530791
173,6558,7,2,3,00:00:00:00:00:05,34094,51528626,aaltosea1,rohe_test_isntance,experiment1,1700834721,rohe_test_stage,sdn,184,1400,1280.0,2116800,1935066.0,0.08879982550296768,0.08877314983196824
174,6559,7,2,3,00:00:00:00:00:05,34265,51787178,aaltosea1,rohe_test_isntance,experiment1,1700834722,rohe_test_stage,sdn,185,1442,1301.9,2180304,1968325.8,0.09040066192433112,0.09036617833190277
175,6560,7,2,3,00:00:00:00:00:05,34410,52006418,aaltosea1,rohe_test_isntance,experiment1,1700834723,rohe_test_stage,sdn,186,1448,1323.6,2189376,2001283.2,0.09198694344957911,0.09194465862635844
176,6561,7,2,3,00:00:00:00:00:05,34559,52231706,aaltosea1,rohe_test_isntance,experiment1,1700834724,rohe_test_stage,sdn,187,1460,1349.0,2207520,2039688.0,0.09383541525623995,0.09379228072217292
177,6562,7,2,3,00:00:00:00:00:05,34656,52378370,aaltosea1,rohe_test_isntance,experiment1,1700834725,rohe_test_stage,sdn,188,1424,1372.9,2153088,2075824.8,0.09557472534203501,0.09553079127689601
178,6563,7,2,3,00:00:00:00:00:05,34787,52576442,aaltosea1,rohe_test_isntance,experiment1,1700834726,rohe_test_stage,sdn,189,1425,1398.6,2154600,2114683.2,0.09744502949286901,0.09740023568092876
179,6564,7,2,3,00:00:00:00:00:05,34951,52824410,aaltosea1,rohe_test_isntance,experiment1,1700834727,rohe_test_stage,sdn,190,1443,1414.1,2181816,2138119.2,0.0985730339418156,0.09852772160553996
180,6565,7,2,3,00:00:00:00:00:05,35124,53085986,aaltosea1,rohe_test_isntance,experiment1,1700834728,rohe_test_stage,sdn,191,1454,1426.8,2198448,2157321.6,0.09949726984514602,0.09945153265344721
181,6566,7,2,3,00:00:00:00:00:05,35232,53249282,aaltosea1,rohe_test_isntance,experiment1,1700834729,rohe_test_stage,sdn,192,1425,1430.2,2154600,2162462.4,0.09974470307910849,0.09969885214658773
182,6567,7,2,3,00:00:00:00:00:05,35386,53482130,aaltosea1,rohe_test_isntance,experiment1,1700834730,rohe_test_stage,sdn,193,1440,1436.1,2177280,2171383.2,0.10017407251451396,0.10012802420821391
183,6568,7,2,3,00:00:00:00:00:05,35512,53672642,aaltosea1,rohe_test_isntance,experiment1,1700834731,rohe_test_stage,sdn,194,1418,1437.9,2144016,2174104.8,0.1003050665795529,0.10025895805752362
184,6569,7,2,3,00:00:00:00:00:05,35657,53891882,aaltosea1,rohe_test_isntance,experiment1,1700834732,rohe_test_stage,sdn,195,1392,1432.9,2104704,2166544.8,0.09994119417666691,0.09989525292055226
185,6570,7,2,3,00:00:00:00:00:05,35754,54038546,aaltosea1,rohe_test_isntance,experiment1,1700834733,rohe_test_stage,sdn,196,1344,1422.5,2032128,2150820.0,0.09918433957866406,0.09913874623565185
186,6571,7,2,3,00:00:00:00:00:05,35903,54262364,aaltosea1,rohe_test_isntance,experiment1,1700834734,rohe_test_stage,sdn,197,1344,1410.9,2030658,2133133.8,0.09833308030724576,0.0982949503178783
187,6572,7,2,3,00:00:00:00:00:05,36093,54549644,aaltosea1,rohe_test_isntance,experiment1,1700834735,rohe_test_stage,sdn,198,1437,1412.2,2171274,2134952.4,0.09842061183527334,0.09838951365349086
188,6573,7,2,3,00:00:00:00:00:05,36238,54768884,aaltosea1,rohe_test_isntance,experiment1,1700834736,rohe_test_stage,sdn,199,1451,1414.8,2192442,2138736.6,0.09860275018805129,0.09857864032471596
189,6574,7,2,3,00:00:00:00:00:05,36386,54992660,aaltosea1,rohe_test_isntance,experiment1,1700834737,rohe_test_stage,sdn,200,1435,1414.0,2168250,2137380.0,0.09853745530686674,0.09852044750280053
190,6575,7,2,3,00:00:00:00:00:05,36518,55192244,aaltosea1,rohe_test_isntance,experiment1,1700834738,rohe_test_stage,sdn,201,1394,1408.0,2106258,2128161.0,0.09809373312668077,0.09808400133843491
191,6576,7,2,3,00:00:00:00:00:05,36584,55292036,aaltosea1,rohe_test_isntance,experiment1,1700834739,rohe_test_stage,sdn,202,1352,1400.7,2042754,2116976.4,0.09755540412174442,0.09755299183845674
192,6577,7,2,3,00:00:00:00:00:05,36812,55636772,aaltosea1,rohe_test_isntance,experiment1,1700834740,rohe_test_stage,sdn,203,1426,1399.3,2154642,2114712.6,0.09744644455221357,0.09745115440010475
193,6578,7,2,3,00:00:00:00:00:05,36862,55712372,aaltosea1,rohe_test_isntance,experiment1,1700834741,rohe_test_stage,sdn,204,1350,1392.5,2039730,2104284.0,0.09694450278756583,0.09695651541382372
194,6579,7,2,3,00:00:00:00:00:05,37033,55970924,aaltosea1,rohe_test_isntance,experiment1,1700834742,rohe_test_stage,sdn,205,1376,1390.9,2079042,2101717.8,0.09682098832191952,0.09684012976999289
195,6580,7,2,3,00:00:00:00:00:05,37124,56108516,aaltosea1,rohe_test_isntance,experiment1,1700834743,rohe_test_stage,sdn,206,1370,1393.5,2069970,2105502.0,0.09700312667469746,0.09702925644121799
196,6581,7,2,3,00:00:00:00:00:05,37254,56305076,aaltosea1,rohe_test_isntance,experiment1,1700834744,rohe_test_stage,sdn,207,1351,1394.2,2042712,2106707.4,0.09706114410782428,0.09708017516039398
197,6582,7,2,3,00:00:00:00:00:05,37392,56513732,aaltosea1,rohe_test_isntance,experiment1,1700834745,rohe_test_stage,sdn,208,1299,1380.4,1964088,2085988.8,0.09606393157258174,0.09607634898235304
198,6583,7,2,3,00:00:00:00:00:05,37532,56725412,aaltosea1,rohe_test_isntance,experiment1,1700834746,rohe_test_stage,sdn,209,1294,1364.7,1956528,2062397.4,0.09492844752424248,0.09493431485226299
199,6584,7,2,3,00:00:00:00:00:05,37686,56958260,aaltosea1,rohe_test_isntance,experiment1,1700834747,rohe_test_stage,sdn,210,1300,1351.2,1965600,2042132.4,0.09395306733317309,0.09395231098244033
200,6585,7,2,3,00:00:00:00:00:05,37826,57169940,aaltosea1,rohe_test_isntance,experiment1,1700834748,rohe_test_stage,sdn,211,1308,1342.6,1977696,2029276.2,0.09333428209693197,0.0933267381468496
201,6586,7,2,3,00:00:00:00:00:05,37973,57390734,aaltosea1,rohe_test_isntance,experiment1,1700834749,rohe_test_stage,sdn,212,1389,1346.3,2098698,2034870.6,0.09360354767506761,0.0935958799482084
202,6587,7,2,3,00:00:00:00:00:05,38104,57588806,aaltosea1,rohe_test_isntance,experiment1,1700834750,rohe_test_stage,sdn,213,1292,1332.9,1952034,2014609.8,0.09262836963533315,0.09262115018112517
203,6588,7,2,3,00:00:00:00:00:05,38267,57835262,aaltosea1,rohe_test_isntance,experiment1,1700834751,rohe_test_stage,sdn,214,1405,1338.4,2122890,2022925.8,0.09302862927850773,0.09302122583179366
204,6589,7,2,3,00:00:00:00:00:05,38412,58054502,aaltosea1,rohe_test_isntance,experiment1,1700834752,rohe_test_stage,sdn,215,1379,1338.7,2083578,2023379.4,0.0930504616226809,0.09304304814001194
205,6590,7,2,3,00:00:00:00:00:05,38566,58287350,aaltosea1,rohe_test_isntance,experiment1,1700834753,rohe_test_stage,sdn,216,1442,1345.9,2178834,2034265.8,0.09357443788283673,0.09356678353725069
206,6591,7,2,3,00:00:00:00:00:05,38700,58489958,aaltosea1,rohe_test_isntance,experiment1,1700834754,rohe_test_stage,sdn,217,1446,1355.4,2184882,2048482.8,0.09425872015159734,0.09425782329749627
207,6592,7,2,3,00:00:00:00:00:05,38748,58562534,aaltosea1,rohe_test_isntance,experiment1,1700834755,rohe_test_stage,sdn,218,1356,1361.1,2048802,2056954.2,0.09466645939416457,0.0946724471536436
208,6593,7,2,3,00:00:00:00:00:05,38805,58648718,aaltosea1,rohe_test_isntance,experiment1,1700834756,rohe_test_stage,sdn,219,1273,1359.0,1923306,2053632.0,0.09450655768822967,0.09451969099611564
209,6594,7,2,3,00:00:00:00:00:05,39015,58966238,aaltosea1,rohe_test_isntance,experiment1,1700834757,rohe_test_stage,sdn,220,1329,1361.9,2007978,2057869.8,0.09471052838518078,0.09473063997555903
210,6595,7,2,3,00:00:00:00:00:05,39156,59179430,aaltosea1,rohe_test_isntance,experiment1,1700834758,rohe_test_stage,sdn,221,1330,1364.1,2009490,2061049.2,0.09486355694572782,0.09489067023582641
211,6596,7,2,3,00:00:00:00:00:05,39229,59289806,aaltosea1,rohe_test_isntance,experiment1,1700834759,rohe_test_stage,sdn,222,1256,1350.8,1899072,2041086.6,0.09390273165077387,0.09392321457148262
212,6597,7,2,3,00:00:00:00:00:05,39381,59519630,aaltosea1,rohe_test_isntance,experiment1,1700834760,rohe_test_stage,sdn,223,1277,1349.3,1930824,2038965.6,0.09380064522663085,0.09381410303039121
213,6598,7,2,3,00:00:00:00:00:05,39582,59823542,aaltosea1,rohe_test_isntance,experiment1,1700834761,rohe_test_stage,sdn,224,1315,1340.3,1988280,2025504.6,0.09315275019815884,0.09315943378384277
214,6599,7,2,3,00:00:00:00:00:05,39742,60065462,aaltosea1,rohe_test_isntance,experiment1,1700834762,rohe_test_stage,sdn,225,1330,1335.4,2010960,2018242.8,0.09280323054005336,0.09280300274961086
215,6600,7,2,3,00:00:00:00:00:05,39887,60284702,aaltosea1,rohe_test_isntance,experiment1,1700834763,rohe_test_stage,sdn,226,1321,1323.3,1997352,2000094.6,0.09192973462179203,0.09192283631814016
216,6601,7,2,3,00:00:00:00:00:05,40056,60540230,aaltosea1,rohe_test_isntance,experiment1,1700834764,rohe_test_stage,sdn,227,1356,1314.3,2050272,1986633.6,0.09128183959332004,0.09126816707159173
217,6602,7,2,3,00:00:00:00:00:05,40186,60736790,aaltosea1,rohe_test_isntance,experiment1,1700834765,rohe_test_stage,sdn,228,1438,1322.5,2174256,1999179.0,0.09188566563077584,0.09186464349622475
218,6603,7,2,3,00:00:00:00:00:05,40339,60968126,aaltosea1,rohe_test_isntance,experiment1,1700834766,rohe_test_stage,sdn,229,1534,1348.6,2319408,2038789.2,0.09379215487056351,0.09376318431121522
219,6604,7,2,3,00:00:00:00:00:05,40482,61184342,aaltosea1,rohe_test_isntance,experiment1,1700834767,rohe_test_stage,sdn,230,1467,1362.4,2218104,2059801.8,0.09480351799925164,0.09476701048925616
220,6605,7,2,3,00:00:00:00:00:05,40627,61403582,aaltosea1,rohe_test_isntance,experiment1,1700834768,rohe_test_stage,sdn,231,1471,1376.5,2224152,2081268.0,0.09583671347211292,0.09579265897551538
221,6606,7,2,3,00:00:00:00:00:05,40764,61610726,aaltosea1,rohe_test_isntance,experiment1,1700834769,rohe_test_stage,sdn,232,1535,1404.4,2320920,2123452.8,0.09786712148021676,0.09782213363981554
222,6607,7,2,3,00:00:00:00:00:05,40917,61842062,aaltosea1,rohe_test_isntance,experiment1,1700834770,rohe_test_stage,sdn,233,1536,1430.3,2322432,2162613.6,0.09975198052716622,0.09970612624932715
223,6608,7,2,3,00:00:00:00:00:05,41070,62073398,aaltosea1,rohe_test_isntance,experiment1,1700834771,rohe_test_stage,sdn,234,1488,1447.6,2249856,2188771.2,0.10101097904115174,0.10096454602324803
224,6609,7,2,3,00:00:00:00:00:05,41210,62285078,aaltosea1,rohe_test_isntance,experiment1,1700834772,rohe_test_stage,sdn,235,1468,1461.4,2219616,2209636.8,0.10201526687311707,0.10196837220128899
225,6610,7,2,3,00:00:00:00:00:05,41341,62483150,aaltosea1,rohe_test_isntance,experiment1,1700834773,rohe_test_stage,sdn,236,1454,1474.7,2198448,2229746.4,0.10298316746479382,0.10293582786563278
226,6611,7,2,3,00:00:00:00:00:05,41500,62723558,aaltosea1,rohe_test_isntance,experiment1,1700834774,rohe_test_stage,sdn,237,1444,1483.5,2183328,2243052.0,0.10362358289387316,0.10357594890670237
227,6612,7,2,3,00:00:00:00:00:05,41631,62921630,aaltosea1,rohe_test_isntance,experiment1,1700834775,rohe_test_stage,sdn,238,1445,1484.2,2184840,2244110.4,0.1036745250302772,0.10362686762587836
228,6613,7,2,3,00:00:00:00:00:05,41782,63149942,aaltosea1,rohe_test_isntance,experiment1,1700834776,rohe_test_stage,sdn,239,1443,1475.1,2181816,2230351.2,0.1030122772570247,0.10296492427659049
229,6614,7,2,3,00:00:00:00:00:05,41926,63367670,aaltosea1,rohe_test_isntance,experiment1,1700834777,rohe_test_stage,sdn,240,1444,1472.8,2183328,2226873.6,0.10284489595169714,0.10279761991358366
230,6615,7,2,3,00:00:00:00:00:05,42064,63576326,aaltosea1,rohe_test_isntance,experiment1,1700834778,rohe_test_stage,sdn,241,1437,1469.4,2172744,2221732.8,0.10259746271773465,0.10255030042044315
231,6616,7,2,3,00:00:00:00:00:05,42216,63806150,aaltosea1,rohe_test_isntance,experiment1,1700834779,rohe_test_stage,sdn,242,1452,1461.1,2195424,2209183.2,0.10199343452894392,0.1019465498930707
232,6617,7,2,3,00:00:00:00:00:05,42374,64043576,aaltosea1,rohe_test_isntance,experiment1,1700834780,rohe_test_stage,sdn,243,1457,1453.2,2201514,2197091.4,0.10141144083566125,0.10137189577665597
233,6618,7,2,3,00:00:00:00:00:05,42415,64105568,aaltosea1,rohe_test_isntance,experiment1,1700834781,rohe_test_stage,sdn,244,1345,1438.9,2032170,2175322.8,0.10036369046668454,0.10033169908491789
234,6619,7,2,3,00:00:00:00:00:05,42651,64462400,aaltosea1,rohe_test_isntance,experiment1,1700834782,rohe_test_stage,sdn,245,1441,1436.2,2177322,2171093.4,0.10016012407240332,0.10013529831095336
235,6620,7,2,3,00:00:00:00:00:05,42806,64696760,aaltosea1,rohe_test_isntance,experiment1,1700834783,rohe_test_stage,sdn,246,1465,1437.3,2213610,2172609.6,0.10023310070431547,0.10021531344108704
236,6621,7,2,3,00:00:00:00:00:05,42930,64884248,aaltosea1,rohe_test_isntance,experiment1,1700834784,rohe_test_stage,sdn,247,1430,1435.9,2160690,2170345.8,0.1001241411347846,0.10011347600273508
237,6622,7,2,3,00:00:00:00:00:05,43060,65080808,aaltosea1,rohe_test_isntance,experiment1,1700834785,rohe_test_stage,sdn,248,1429,1434.3,2159178,2167779.6,0.10000062666913831,0.09999709035890424
238,6623,7,2,3,00:00:00:00:00:05,43222,65325752,aaltosea1,rohe_test_isntance,experiment1,1700834786,rohe_test_stage,sdn,249,1440,1434.0,2175810,2167179.0,0.09997171902824235,0.09997526805068596
239,6624,7,2,3,00:00:00:00:00:05,43369,65548016,aaltosea1,rohe_test_isntance,experiment1,1700834787,rohe_test_stage,sdn,250,1443,1433.9,2180346,2166880.8,0.09995736628346184,0.09996799394794653
240,6625,7,2,3,00:00:00:00:00:05,43519,65774816,aaltosea1,rohe_test_isntance,experiment1,1700834788,rohe_test_stage,sdn,251,1455,1435.7,2198490,2169455.4,0.10008128505177803,0.10009892779725622
241,6626,7,2,3,00:00:00:00:00:05,43663,65992544,aaltosea1,rohe_test_isntance,experiment1,1700834789,rohe_test_stage,sdn,252,1447,1435.2,2186394,2168552.4,0.10003782251476664,0.10006255728355909
242,6627,7,2,3,00:00:00:00:00:05,43801,66201200,aaltosea1,rohe_test_isntance,experiment1,1700834790,rohe_test_stage,sdn,253,1427,1432.2,2157624,2164163.4,0.09982657436975784,0.09984433420137627
243,6628,7,2,3,00:00:00:00:00:05,43946,66420440,aaltosea1,rohe_test_isntance,experiment1,1700834791,rohe_test_stage,sdn,254,1531,1450.8,2314872,2192433.6,0.10118725500521651,0.10119731731090971
244,6629,7,2,3,00:00:00:00:00:05,44078,66620024,aaltosea1,rohe_test_isntance,experiment1,1700834792,rohe_test_stage,sdn,255,1427,1449.4,2157624,2190463.8,0.1010924460291312,0.10109547987255774
245,6630,7,2,3,00:00:00:00:00:05,44232,66852872,aaltosea1,rohe_test_isntance,experiment1,1700834793,rohe_test_stage,sdn,256,1426,1445.5,2156112,2184714.0,0.10081570085160292,0.10081178986572008
246,6631,7,2,3,00:00:00:00:00:05,44373,67066064,aaltosea1,rohe_test_isntance,experiment1,1700834794,rohe_test_stage,sdn,257,1443,1446.8,2181816,2186826.6,0.10091738297307608,0.10090635320133262
247,6632,7,2,3,00:00:00:00:00:05,44491,67244480,aaltosea1,rohe_test_isntance,experiment1,1700834795,rohe_test_stage,sdn,258,1431,1447.0,2163672,2187276.0,0.10093901316591428,0.10092090140681148
248,6633,7,2,3,00:00:00:00:00:05,44655,67490978,aaltosea1,rohe_test_isntance,experiment1,1700834796,rohe_test_stage,sdn,259,1433,1446.3,2165226,2186217.6,0.10088807102951025,0.10086998268763549
249,6634,7,2,3,00:00:00:00:00:05,44799,67708706,aaltosea1,rohe_test_isntance,experiment1,1700834797,rohe_test_stage,sdn,260,1430,1445.0,2160690,2184252.0,0.10079346420475989,0.10077541935202294
250,6635,7,2,3,00:00:00:00:00:05,44944,67927946,aaltosea1,rohe_test_isntance,experiment1,1700834798,rohe_test_stage,sdn,261,1425,1442.0,2153130,2179716.0,0.1005751407630283,0.10055719626984012
251,6636,7,2,3,00:00:00:00:00:05,45098,68160794,aaltosea1,rohe_test_isntance,experiment1,1700834799,rohe_test_stage,sdn,262,1435,1440.8,2168250,2177901.6,0.10048781138633567,0.100469907036967
252,6637,7,2,3,00:00:00:00:00:05,45222,68348282,aaltosea1,rohe_test_isntance,experiment1,1700834800,rohe_test_stage,sdn,263,1421,1440.2,2147082,2176847.4,0.10043707140126655,0.10042626242053045
253,6638,7,2,3,00:00:00:00:00:05,45356,68550890,aaltosea1,rohe_test_isntance,experiment1,1700834801,rohe_test_stage,sdn,264,1410,1428.1,2130450,2158405.2,0.09954942488955967,0.09954609598905975
254,6639,7,2,3,00:00:00:00:00:05,45496,68762570,aaltosea1,rohe_test_isntance,experiment1,1700834802,rohe_test_stage,sdn,265,1418,1427.2,2142546,2156897.4,0.09947685256031741,0.09948062906440491
255,6640,7,2,3,00:00:00:00:00:05,45655,69002978,aaltosea1,rohe_test_isntance,experiment1,1700834803,rohe_test_stage,sdn,266,1423,1426.9,2150106,2156296.8,0.09944794491942145,0.09945880675618664
256,6641,7,2,3,00:00:00:00:00:05,45771,69178370,aaltosea1,rohe_test_isntance,experiment1,1700834804,rohe_test_stage,sdn,267,1398,1422.4,2112306,2149345.8,0.09911338446010128,0.09913147213291242
257,6642,7,2,3,00:00:00:00:00:05,45915,69396098,aaltosea1,rohe_test_isntance,experiment1,1700834805,rohe_test_stage,sdn,268,1424,1421.7,2151618,2148140.4,0.09905536702697446,0.09908055341373642
258,6643,7,2,3,00:00:00:00:00:05,46054,69606266,aaltosea1,rohe_test_isntance,experiment1,1700834806,rohe_test_stage,sdn,269,1399,1418.3,2115288,2143146.6,0.09881500908973478,0.0988332339205959
259,6644,7,2,3,00:00:00:00:00:05,46193,69816434,aaltosea1,rohe_test_isntance,experiment1,1700834807,rohe_test_stage,sdn,270,1394,1414.7,2107728,2137850.4,0.09856009625637964,0.09857136622197653
260,6645,7,2,3,00:00:00:00:00:05,46341,70040210,aaltosea1,rohe_test_isntance,experiment1,1700834808,rohe_test_stage,sdn,271,1397,1411.9,2112264,2133763.8,0.09836340300748626,0.09836769134527258
261,6646,7,2,3,00:00:00:00:00:05,46488,70262474,aaltosea1,rohe_test_isntance,experiment1,1700834809,rohe_test_stage,sdn,272,1390,1407.4,2101680,2127106.8,0.09804299314161165,0.09804035672199836
262,6647,7,2,3,00:00:00:00:00:05,46642,70495322,aaltosea1,rohe_test_isntance,experiment1,1700834810,rohe_test_stage,sdn,273,1420,1407.3,2147040,2127102.6,0.09804279099027673,0.09803308261925892
263,6648,7,2,3,00:00:00:00:00:05,46782,70707002,aaltosea1,rohe_test_isntance,experiment1,1700834811,rohe_test_stage,sdn,274,1426,1408.9,2156112,2129668.8,0.09816630545592302,0.09814946826308976
264,6649,7,2,3,00:00:00:00:00:05,46937,70941362,aaltosea1,rohe_test_isntance,experiment1,1700834812,rohe_test_stage,sdn,275,1441,1411.2,2178792,2133293.4,0.09834076205797336,0.09831677262609659
265,6650,7,2,3,00:00:00:00:00:05,47076,71151530,aaltosea1,rohe_test_isntance,experiment1,1700834813,rohe_test_stage,sdn,276,1421,1411.0,2148552,2133138.0,0.09833328245858071,0.09830222442061773
266,6651,7,2,3,00:00:00:00:00:05,47231,71385890,aaltosea1,rohe_test_isntance,experiment1,1700834814,rohe_test_stage,sdn,277,1460,1417.2,2207520,2142659.4,0.09879155953488211,0.09875321879046221
267,6652,7,2,3,00:00:00:00:00:05,47386,71620250,aaltosea1,rohe_test_isntance,experiment1,1700834815,rohe_test_stage,sdn,278,1471,1421.9,2224152,2149912.8,0.09914067489031773,0.09909510161921528
268,6653,7,2,3,00:00:00:00:00:05,47517,71818322,aaltosea1,rohe_test_isntance,experiment1,1700834816,rohe_test_stage,sdn,279,1463,1428.3,2212056,2159589.6,0.09960643156601182,0.09956064419453861
269,6654,7,2,3,00:00:00:00:00:05,47657,72030002,aaltosea1,rohe_test_isntance,experiment1,1700834817,rohe_test_stage,sdn,280,1464,1435.3,2213568,2170173.6,0.10011585293005221,0.1000698313862985
270,6655,7,2,3,00:00:00:00:00:05,47805,72253778,aaltosea1,rohe_test_isntance,experiment1,1700834818,rohe_test_stage,sdn,281,1464,1442.0,2213568,2180304.0,0.10060344194991944,0.10055719626984012
271,6656,7,2,3,00:00:00:00:00:05,48019,72577346,aaltosea1,rohe_test_isntance,experiment1,1700834819,rohe_test_stage,sdn,282,1531,1456.1,2314872,2201623.2,0.10162956212605793,0.10158284475609934
272,6657,7,2,3,00:00:00:00:00:05,48134,72751226,aaltosea1,rohe_test_isntance,experiment1,1700834820,rohe_test_stage,sdn,283,1492,1463.3,2255904,2212509.6,0.10215353838621376,0.1021065801533381
273,6658,7,2,3,00:00:00:00:00:05,48301,73003730,aaltosea1,rohe_test_isntance,experiment1,1700834821,rohe_test_stage,sdn,284,1519,1472.6,2296728,2226571.2,0.10283034105558171,0.10278307170810481
274,6659,7,2,3,00:00:00:00:00:05,48443,73218434,aaltosea1,rohe_test_isntance,experiment1,1700834822,rohe_test_stage,sdn,285,1506,1479.1,2277072,2236399.2,0.1033033751793335,0.10325588838616757
275,6660,7,2,3,00:00:00:00:00:05,48599,73454306,aaltosea1,rohe_test_isntance,experiment1,1700834823,rohe_test_stage,sdn,286,1523,1489.3,2302776,2251821.6,0.10404567488122092,0.10399784686558913
276,6661,7,2,3,00:00:00:00:00:05,48743,73672034,aaltosea1,rohe_test_isntance,experiment1,1700834824,rohe_test_stage,sdn,287,1512,1494.5,2286144,2259684.0,0.10442410218022236,0.10437610020803935
277,6662,7,2,3,00:00:00:00:00:05,48896,73903370,aaltosea1,rohe_test_isntance,experiment1,1700834825,rohe_test_stage,sdn,288,1510,1498.4,2283120,2265580.8,0.10470792265447341,0.10465979021487701
278,6663,7,2,3,00:00:00:00:00:05,49032,74109002,aaltosea1,rohe_test_isntance,experiment1,1700834826,rohe_test_stage,sdn,289,1515,1503.6,2290680,2273443.2,0.10508634995347486,0.10503804355732721
279,6664,7,2,3,00:00:00:00:00:05,49138,74267804,aaltosea1,rohe_test_isntance,experiment1,1700834827,rohe_test_stage,sdn,290,1481,1505.3,2237802,2275866.6,0.10520299127373332,0.10516170330389747
280,6665,7,2,3,00:00:00:00:00:05,49270,74467388,aaltosea1,rohe_test_isntance,experiment1,1700834828,rohe_test_stage,sdn,291,1465,1505.4,2213610,2275870.8,0.10520319342506824,0.1051689774066369
281,6666,7,2,3,00:00:00:00:00:05,49392,74651852,aaltosea1,rohe_test_isntance,experiment1,1700834829,rohe_test_stage,sdn,292,1373,1489.6,2074506,2251834.2,0.10404628133522574,0.10401966917380741
282,6667,7,2,3,00:00:00:00:00:05,49543,74880164,aaltosea1,rohe_test_isntance,experiment1,1700834830,rohe_test_stage,sdn,293,1409,1481.3,2128938,2239137.6,0.10343517784971219,0.10341591864643497
283,6668,7,2,3,00:00:00:00:00:05,49684,75093356,aaltosea1,rohe_test_isntance,experiment1,1700834831,rohe_test_stage,sdn,294,1383,1467.7,2089626,2218427.4,0.10243836961713951,0.10242664067387289
284,6669,7,2,3,00:00:00:00:00:05,49814,75289916,aaltosea1,rohe_test_isntance,experiment1,1700834832,rohe_test_stage,sdn,295,1371,1454.2,2071482,2197868.4,0.10144883883262454,0.10144463680405023
285,6670,7,2,3,00:00:00:00:00:05,49926,75459260,aaltosea1,rohe_test_isntance,experiment1,1700834833,rohe_test_stage,sdn,296,1327,1434.6,2004954,2168086.2,0.10001538371658869,0.10001891266712251
286,6671,7,2,3,00:00:00:00:00:05,50113,75742004,aaltosea1,rohe_test_isntance,experiment1,1700834834,rohe_test_stage,sdn,297,1370,1420.4,2069970,2146468.8,0.09897491079566967,0.09898599007812388
287,6672,7,2,3,00:00:00:00:00:05,50299,76023236,aaltosea1,rohe_test_isntance,experiment1,1700834835,rohe_test_stage,sdn,298,1403,1409.7,2119866,2130143.4,0.09818914855677086,0.09820766108500517
288,6673,7,2,3,00:00:00:00:00:05,50479,76295396,aaltosea1,rohe_test_isntance,experiment1,1700834836,rohe_test_stage,sdn,299,1447,1402.9,2186394,2119714.8,0.09768720679212312,0.09771302209872414
289,6674,7,2,3,00:00:00:00:00:05,50639,76537316,aaltosea1,rohe_test_isntance,experiment1,1700834837,rohe_test_stage,sdn,300,1501,1404.9,2269512,2122885.8,0.0978398310500003,0.09785850415351267
290,6675,7,2,3,00:00:00:00:00:05,50781,76752020,aaltosea1,rohe_test_isntance,experiment1,1700834838,rohe_test_stage,sdn,301,1511,1409.5,2284632,2129988.0,0.0981816689573782,0.09819311287952633
291,6676,7,2,3,00:00:00:00:00:05,50913,76951604,aaltosea1,rohe_test_isntance,experiment1,1700834839,rohe_test_stage,sdn,302,1521,1424.3,2299752,2152512.6,0.09926580656664354,0.09926968008496152
292,6677,7,2,3,00:00:00:00:00:05,51105,77241908,aaltosea1,rohe_test_isntance,experiment1,1700834841,rohe_test_stage,sdn,304,1562,1439.6,2361744,2175793.2,0.10038633141619746,0.10038261780409387
293,6678,7,2,3,00:00:00:00:00:05,51297,77532212,aaltosea1,rohe_test_isntance,experiment1,1700834842,rohe_test_stage,sdn,305,1613,1462.6,2438856,2210716.2,0.1020672197661958,0.1020556614341621
294,6679,7,2,3,00:00:00:00:00:05,51494,77828606,aaltosea1,rohe_test_isntance,experiment1,1700834843,rohe_test_stage,sdn,306,1680,1493.5,2538690,2257437.0,0.10431595121603124,0.10430335918064508
295,6680,7,2,3,00:00:00:00:00:05,51677,78105302,aaltosea1,rohe_test_isntance,experiment1,1700834844,rohe_test_stage,sdn,307,1751,1535.9,2646042,2321545.8,0.10740158919250445,0.10738757874216218
296,6681,7,2,3,00:00:00:00:00:05,51803,78295814,aaltosea1,rohe_test_isntance,experiment1,1700834845,rohe_test_stage,sdn,308,1690,1567.9,2553810,2369929.8,0.1097303725709748,0.10971529161877884
297,6682,7,2,3,00:00:00:00:00:05,51976,78557390,aaltosea1,rohe_test_isntance,experiment1,1700834846,rohe_test_stage,sdn,309,1677,1595.3,2534154,2411358.6,0.11172439333879006,0.11170839576938185
298,6683,7,2,3,00:00:00:00:00:05,52162,78838622,aaltosea1,rohe_test_isntance,experiment1,1700834847,rohe_test_stage,sdn,310,1683,1618.9,2543226,2447041.8,0.11344187108041194,0.11342508401588666
299,6684,7,2,3,00:00:00:00:00:05,52339,79106246,aaltosea1,rohe_test_isntance,experiment1,1700834848,rohe_test_stage,sdn,311,1700,1638.8,2568930,2476983.6,0.11488300794717542,0.11487263046103263
300,6685,7,2,3,00:00:00:00:00:05,52544,79416206,aaltosea1,rohe_test_isntance,experiment1,1700834849,rohe_test_stage,sdn,312,1763,1664.0,2664186,2514939.0,0.11670984956099804,0.11670570435136828
301,6686,7,2,3,00:00:00:00:00:05,52740,79712558,aaltosea1,rohe_test_isntance,experiment1,1700834850,rohe_test_stage,sdn,313,1827,1694.6,2760954,2561059.2,0.11892967336993754,0.11893157978963295
302,6687,7,2,3,00:00:00:00:00:05,52933,80004374,aaltosea1,rohe_test_isntance,experiment1,1700834851,rohe_test_stage,sdn,314,1828,1721.2,2762466,2601131.4,0.12085839925656823,0.12086649111832057
303,6688,7,2,3,00:00:00:00:00:05,53099,80255366,aaltosea1,rohe_test_isntance,experiment1,1700834852,rohe_test_stage,sdn,315,1802,1740.1,2723154,2629561.2,0.12222676164275452,0.12224129653607228
304,6689,7,2,3,00:00:00:00:00:05,53276,80522990,aaltosea1,rohe_test_isntance,experiment1,1700834853,rohe_test_stage,sdn,316,1782,1750.3,2694384,2645130.6,0.12297613664136472,0.12298325501549384
305,6690,7,2,3,00:00:00:00:00:05,53451,80787590,aaltosea1,rohe_test_isntance,experiment1,1700834854,rohe_test_stage,sdn,317,1774,1752.6,2682288,2648755.2,0.12315059324341507,0.12315055937850067
306,6691,7,2,3,00:00:00:00:00:05,53636,81067310,aaltosea1,rohe_test_isntance,experiment1,1700834855,rohe_test_stage,sdn,318,1833,1766.9,2771496,2670523.8,0.12419834361239178,0.12419075607023876
307,6692,7,2,3,00:00:00:00:00:05,53824,81351566,aaltosea1,rohe_test_isntance,experiment1,1700834856,rohe_test_stage,sdn,319,1848,1784.0,2794176,2696526.0,0.12544986252698467,0.12543462763868077
308,6693,7,2,3,00:00:00:00:00:05,54011,81634310,aaltosea1,rohe_test_isntance,experiment1,1700834857,rohe_test_stage,sdn,320,1849,1800.6,2795688,2721772.2,0.12666499420128896,0.12664212869342567
309,6694,7,2,3,00:00:00:00:00:05,54186,81898910,aaltosea1,rohe_test_isntance,experiment1,1700834858,rohe_test_stage,sdn,321,1847,1815.3,2792664,2744145.6,0.12774185436249655,0.12771142179612147
310,6695,7,2,3,00:00:00:00:00:05,54361,82163510,aaltosea1,rohe_test_isntance,experiment1,1700834859,rohe_test_stage,sdn,322,1817,1820.7,2747304,2752457.4,0.1281419118543362,0.12810422334405053
311,6696,7,2,3,00:00:00:00:00:05,54512,82391822,aaltosea1,rohe_test_isntance,experiment1,1700834860,rohe_test_stage,sdn,323,1772,1815.2,2679264,2744288.4,0.12774872750788438,0.12770414769338204
312,6697,7,2,3,00:00:00:00:00:05,54633,82574774,aaltosea1,rohe_test_isntance,experiment1,1700834861,rohe_test_stage,sdn,324,1700,1802.4,2570400,2725081.8,0.12682428945321902,0.12677306254273538
313,6698,7,2,3,00:00:00:00:00:05,54682,82648862,aaltosea1,rohe_test_isntance,experiment1,1700834862,rohe_test_stage,sdn,325,1583,1780.5,2393496,2692116.0,0.12523760362530117,0.12518003404280084
314,6699,7,2,3,00:00:00:00:00:05,54815,82849958,aaltosea1,rohe_test_isntance,experiment1,1700834863,rohe_test_stage,sdn,326,1539,1756.2,2326968,2655374.4,0.12346918374727524,0.12341242707712005
315,6700,7,2,3,00:00:00:00:00:05,54941,83040470,aaltosea1,rohe_test_isntance,experiment1,1700834864,rohe_test_stage,sdn,327,1490,1727.8,2252880,2612433.6,0.1214023884988828,0.12134658189912274
316,6701,7,2,3,00:00:00:00:00:05,55088,83262734,aaltosea1,rohe_test_isntance,experiment1,1700834865,rohe_test_stage,sdn,328,1452,1689.7,2195424,2554826.4,0.11862968078889152,0.11857514875540104
317,6702,7,2,3,00:00:00:00:00:05,55242,83495582,aaltosea1,rohe_test_isntance,experiment1,1700834866,rohe_test_stage,sdn,329,1418,1646.7,2144016,2489810.4,0.11550037812407198,0.11544728457744738
318,6703,7,2,3,00:00:00:00:00:05,55376,83698190,aaltosea1,rohe_test_isntance,experiment1,1700834867,rohe_test_stage,sdn,330,1365,1598.3,2063880,2416629.6,0.11197809326413558,0.11192661885156467
319,6704,7,2,3,00:00:00:00:00:05,55501,83887190,aaltosea1,rohe_test_isntance,experiment1,1700834868,rohe_test_stage,sdn,331,1315,1545.1,1988280,2336191.2,0.10810649089742862,0.10805679619418945
320,6705,7,2,3,00:00:00:00:00:05,55620,84067118,aaltosea1,rohe_test_isntance,experiment1,1700834869,rohe_test_stage,sdn,332,1259,1489.3,1903608,2251821.6,0.10404567488122092,0.10399784686558913
321,6706,7,2,3,00:00:00:00:00:05,55740,84248558,aaltosea1,rohe_test_isntance,experiment1,1700834870,rohe_test_stage,sdn,333,1228,1434.9,1856736,2169568.8,0.10008674313782132,0.10004073497534081
322,6707,7,2,3,00:00:00:00:00:05,55880,84460238,aaltosea1,rohe_test_isntance,experiment1,1700834871,rohe_test_stage,sdn,334,1247,1389.6,1885464,2101075.2,0.09679005916767423,0.09674556643438033
323,6708,7,2,3,00:00:00:00:00:05,56019,84670406,aaltosea1,rohe_test_isntance,experiment1,1700834872,rohe_test_stage,sdn,335,1337,1365.0,2021544,2063880.0,0.09499980694547513,0.09495613716048126
324,6709,7,2,3,00:00:00:00:00:05,56172,84901742,aaltosea1,rohe_test_isntance,experiment1,1700834873,rohe_test_stage,sdn,336,1357,1346.8,2051784,2036361.6,0.09367531139897012,0.09363225046190553
325,6710,7,2,3,00:00:00:00:00:05,56305,85102838,aaltosea1,rohe_test_isntance,experiment1,1700834874,rohe_test_stage,sdn,337,1364,1334.2,2062368,2017310.4,0.09275835294369741,0.09271571351673773
326,6711,7,2,3,00:00:00:00:00:05,56430,85290368,aaltosea1,rohe_test_isntance,experiment1,1700834875,rohe_test_stage,sdn,338,1342,1323.2,2027634,2000531.4,0.09195075836062544,0.09191556221540075
327,6712,7,2,3,00:00:00:00:00:05,56525,85434008,aaltosea1,rohe_test_isntance,experiment1,1700834876,rohe_test_stage,sdn,339,1283,1309.7,1938426,1979972.4,0.09096122757611048,0.09093355834557809
328,6713,7,2,3,00:00:00:00:00:05,56640,85607888,aaltosea1,rohe_test_isntance,experiment1,1700834877,rohe_test_stage,sdn,340,1264,1299.6,1909698,1964554.2,0.090219130025558,0.09019887396889593
329,6714,7,2,3,00:00:00:00:00:05,56782,85822592,aaltosea1,rohe_test_isntance,experiment1,1700834878,rohe_test_stage,sdn,341,1281,1296.2,1935402,1959266.4,0.08996462149487273,0.08995155447575542
330,6715,7,2,3,00:00:00:00:00:05,56897,85996472,aaltosea1,rohe_test_isntance,experiment1,1700834879,rohe_test_stage,sdn,342,1277,1298.0,1929354,1961841.0,0.09008854026318891,0.09008248832506512
